use bbdd;
insert into usuario (nombre_usuario,contrasena,alias) values
('Cbarrios',md5(12345),'AliasKaren'),
('Despinosa',md5(12345),'AliasDaniel'),
('Rgutierrez',md5(12345),'AliasRa'),
('Adiez',md5(12345),'TerciodeMarte'),
('Amartinez',md5(12345),'AliasAmartinez'),
('Alumno1',md5(12345),'AliasAl1'),
('Alumno2',md5(12345),'AliasAl2'),
('Alumno3',md5(12345),'AliasAl3'),
('Alumno4',md5(12345),'AliasAl4'),
('Alumno5',md5(12345),'AliasAl5'),
('Alumno6',md5(12345),'AliasAl6'),
('Alumno7',md5(12345),'AliasAl7'),
('Alumno8',md5(12345),'AliasAl8'),
('Alumno9',md5(12345),'AliasAl9'),
('Alumno10',md5(12345),'AliasAl10'),
('Alumno11',md5(12346),'AliasAl11'),
('Alumno12',md5(12347),'AliasAl12');

insert into persona(id_usuario,nombre,apellido1,apellido2,dni,curso,fecha_naci,profesor,email) values
((select id_usuario from usuario where nombre_usuario='Cbarrios'),'Carmen','Barrios','Fernández','12345678T',1,20000419,0,'123@asd.es'),
((select id_usuario from usuario where nombre_usuario='Despinosa'),'Daniel','Espinosa','García','98765432F',2,19830409,0,'987@asd.es'),
((select id_usuario from usuario where nombre_usuario='Rgutierrez'),'Ramiro','Gutierrez','Valverde','23456789F',3,20001213,0,'234@asd.es'),
((select id_usuario from usuario where nombre_usuario='Adiez'),'Albano','Díez','Paulino','87654321Z',4,20000818,0,'876@asd.es'),
((select id_usuario from usuario where nombre_usuario='Amartinez'),'Andrés','Martínez','González','45678932L',1,19950507,1,'amg456@gmail.com'),
((select id_usuario from usuario where nombre_usuario='Alumno1'),'NomAlumno1','Ap1Alumno1','Ap2Alumno1','12345678A',1,19840315,0,'email1@email.es'),
((select id_usuario from usuario where nombre_usuario='Alumno2'),'NomAlumno2','Ap1Alumno2','Ap2Alumno2','12345678B',2,19830409,0,'email2@email.es'),
((select id_usuario from usuario where nombre_usuario='Alumno3'),'NomAlumno3','Ap1Alumno3','Ap2Alumno3','12345678C',3,19990112,0,'email3@email.es'),
((select id_usuario from usuario where nombre_usuario='Alumno4'),'NomAlumno4','Ap1Alumno4','Ap2Alumno4','12345678D',4,20000213,0,'email4@email.es'),
((select id_usuario from usuario where nombre_usuario='Alumno5'),'NomAlumno5','Ap1Alumno5','Ap2Alumno5','12345678E',1,20000314,0,'email5@email.es'),
((select id_usuario from usuario where nombre_usuario='Alumno6'),'NomAlumno6','Ap1Alumno6','Ap2Alumno6','12345678F',2,20000415,0,'email6@email.es'),
((select id_usuario from usuario where nombre_usuario='Alumno7'),'NomAlumno7','Ap1Alumno7','Ap2Alumno7','12345678G',3,20000516,0,'email7@email.es'),
((select id_usuario from usuario where nombre_usuario='Alumno8'),'NomAlumno8','Ap1Alumno8','Ap2Alumno8','12345678H',4,20000617,0,'email8@email.es'),
((select id_usuario from usuario where nombre_usuario='Alumno9'),'NomAlumno9','Ap1Alumno9','Ap2Alumno9','12345678I',1,20000718,0,'email9@email.es'),
((select id_usuario from usuario where nombre_usuario='Alumno10'),'NomAlumno10','Ap1Alumno10','Ap2Alumno10','12345678J',2,20000819,0,'email10@email.es'),
((select id_usuario from usuario where nombre_usuario='Alumno11'),'NomAlumno11','Ap1Alumno11','Ap2Alumno11','12345678K',3,20000920,0,'email11@email.es'),
((select id_usuario from usuario where nombre_usuario='Alumno12'),'NomAlumno12','Ap1Alumno12','Ap2Alumno12','12345678L',4,20001021,0,'email12@email.es');

insert into reto (nombre_reto,nivel) values
('Calcula25',1),
('Calcula25',2),
('Calcula25',3),
('Calcula25',4),
('Euclides',1),
('Euclides',2),
('Euclides',3),
('Euclides',4),
('RestoDiv',1),
('RestoDiv',2),
('RestoDiv',3),
('RestoDiv',4);

-- Generados aleatoriamente
insert into calculo(jugador,reto,fecha_hora,puntos,tiempo_partida) values
((select id_usuario from usuario where nombre_usuario='Cbarrios'),(select id_reto from reto inner join persona on nivel = curso inner join usuario using (id_usuario) where nombre_reto = 'Calcula25' and nombre_usuario = 'Cbarrios'),'2023-11-23 14:44:03',12,17),
((select id_usuario from usuario where nombre_usuario='Despinosa'),(select id_reto from reto inner join persona on nivel = curso inner join usuario using (id_usuario) where nombre_reto = 'Calcula25' and nombre_usuario = 'Despinosa'),'2023-02-05 09:29:44',24,48),
((select id_usuario from usuario where nombre_usuario='Rgutierrez'),(select id_reto from reto inner join persona on nivel = curso inner join usuario using (id_usuario) where nombre_reto = 'Calcula25' and nombre_usuario = 'Rgutierrez'),'2022-03-19 15:38:18',15,5),
((select id_usuario from usuario where nombre_usuario='Adiez'),(select id_reto from reto inner join persona on nivel = curso inner join usuario using (id_usuario) where nombre_reto = 'Calcula25' and nombre_usuario = 'Adiez'),'2023-09-16 20:38:45',2,54),
((select id_usuario from usuario where nombre_usuario='Alumno1'),(select id_reto from reto inner join persona on nivel = curso inner join usuario using (id_usuario) where nombre_reto = 'Calcula25' and nombre_usuario = 'Alumno1'),'2022-09-28 14:22:13',16,9),
((select id_usuario from usuario where nombre_usuario='Alumno2'),(select id_reto from reto inner join persona on nivel = curso inner join usuario using (id_usuario) where nombre_reto = 'Calcula25' and nombre_usuario = 'Alumno2'),'2022-12-16 13:29:53',22,38),
((select id_usuario from usuario where nombre_usuario='Alumno3'),(select id_reto from reto inner join persona on nivel = curso inner join usuario using (id_usuario) where nombre_reto = 'Calcula25' and nombre_usuario = 'Alumno3'),'2022-01-21 09:26:00',25,22),
((select id_usuario from usuario where nombre_usuario='Alumno4'),(select id_reto from reto inner join persona on nivel = curso inner join usuario using (id_usuario) where nombre_reto = 'Calcula25' and nombre_usuario = 'Alumno4'),'2022-04-08 20:22:23',2,5),
((select id_usuario from usuario where nombre_usuario='Alumno5'),(select id_reto from reto inner join persona on nivel = curso inner join usuario using (id_usuario) where nombre_reto = 'Calcula25' and nombre_usuario = 'Alumno5'),'2022-10-02 10:19:42',6,52),
((select id_usuario from usuario where nombre_usuario='Alumno6'),(select id_reto from reto inner join persona on nivel = curso inner join usuario using (id_usuario) where nombre_reto = 'Calcula25' and nombre_usuario = 'Alumno6'),'2022-10-18 17:37:36',1,35),
((select id_usuario from usuario where nombre_usuario='Alumno7'),(select id_reto from reto inner join persona on nivel = curso inner join usuario using (id_usuario) where nombre_reto = 'Calcula25' and nombre_usuario = 'Alumno7'),'2022-10-13 08:31:17',13,31),
((select id_usuario from usuario where nombre_usuario='Alumno8'),(select id_reto from reto inner join persona on nivel = curso inner join usuario using (id_usuario) where nombre_reto = 'Calcula25' and nombre_usuario = 'Alumno8'),'2023-08-26 20:56:31',16,25),
((select id_usuario from usuario where nombre_usuario='Alumno9'),(select id_reto from reto inner join persona on nivel = curso inner join usuario using (id_usuario) where nombre_reto = 'Calcula25' and nombre_usuario = 'Alumno9'),'2022-10-26 16:21:29',25,48),
((select id_usuario from usuario where nombre_usuario='Alumno10'),(select id_reto from reto inner join persona on nivel = curso inner join usuario using (id_usuario) where nombre_reto = 'Calcula25' and nombre_usuario = 'Alumno10'),'2023-10-23 13:06:14',11,26),
((select id_usuario from usuario where nombre_usuario='Alumno11'),(select id_reto from reto inner join persona on nivel = curso inner join usuario using (id_usuario) where nombre_reto = 'Calcula25' and nombre_usuario = 'Alumno11'),'2023-12-02 08:53:52',12,27),
((select id_usuario from usuario where nombre_usuario='Alumno12'),(select id_reto from reto inner join persona on nivel = curso inner join usuario using (id_usuario) where nombre_reto = 'Calcula25' and nombre_usuario = 'Alumno12'),'2023-01-13 08:34:46',15,9),
((select id_usuario from usuario where nombre_usuario='Cbarrios'),(select id_reto from reto inner join persona on nivel = curso inner join usuario using (id_usuario) where nombre_reto = 'Calcula25' and nombre_usuario = 'Cbarrios'),'2022-06-24 09:17:17',16,11),
((select id_usuario from usuario where nombre_usuario='Despinosa'),(select id_reto from reto inner join persona on nivel = curso inner join usuario using (id_usuario) where nombre_reto = 'Calcula25' and nombre_usuario = 'Despinosa'),'2022-08-21 20:19:28',2,49),
((select id_usuario from usuario where nombre_usuario='Rgutierrez'),(select id_reto from reto inner join persona on nivel = curso inner join usuario using (id_usuario) where nombre_reto = 'Calcula25' and nombre_usuario = 'Rgutierrez'),'2023-06-16 15:20:56',3,55),
((select id_usuario from usuario where nombre_usuario='Adiez'),(select id_reto from reto inner join persona on nivel = curso inner join usuario using (id_usuario) where nombre_reto = 'Calcula25' and nombre_usuario = 'Adiez'),'2023-03-11 20:53:06',14,56),
((select id_usuario from usuario where nombre_usuario='Alumno1'),(select id_reto from reto inner join persona on nivel = curso inner join usuario using (id_usuario) where nombre_reto = 'Calcula25' and nombre_usuario = 'Alumno1'),'2022-03-15 21:38:23',20,17),
((select id_usuario from usuario where nombre_usuario='Alumno2'),(select id_reto from reto inner join persona on nivel = curso inner join usuario using (id_usuario) where nombre_reto = 'Calcula25' and nombre_usuario = 'Alumno2'),'2023-03-16 08:24:28',2,58),
((select id_usuario from usuario where nombre_usuario='Alumno3'),(select id_reto from reto inner join persona on nivel = curso inner join usuario using (id_usuario) where nombre_reto = 'Calcula25' and nombre_usuario = 'Alumno3'),'2023-05-07 17:41:16',22,16),
((select id_usuario from usuario where nombre_usuario='Alumno4'),(select id_reto from reto inner join persona on nivel = curso inner join usuario using (id_usuario) where nombre_reto = 'Calcula25' and nombre_usuario = 'Alumno4'),'2022-05-07 14:24:24',1,18),
((select id_usuario from usuario where nombre_usuario='Alumno5'),(select id_reto from reto inner join persona on nivel = curso inner join usuario using (id_usuario) where nombre_reto = 'Calcula25' and nombre_usuario = 'Alumno5'),'2022-04-08 12:00:35',15,17),
((select id_usuario from usuario where nombre_usuario='Alumno6'),(select id_reto from reto inner join persona on nivel = curso inner join usuario using (id_usuario) where nombre_reto = 'Calcula25' and nombre_usuario = 'Alumno6'),'2022-12-19 09:42:19',14,19),
((select id_usuario from usuario where nombre_usuario='Alumno7'),(select id_reto from reto inner join persona on nivel = curso inner join usuario using (id_usuario) where nombre_reto = 'Calcula25' and nombre_usuario = 'Alumno7'),'2022-02-22 18:13:52',10,41),
((select id_usuario from usuario where nombre_usuario='Alumno8'),(select id_reto from reto inner join persona on nivel = curso inner join usuario using (id_usuario) where nombre_reto = 'Calcula25' and nombre_usuario = 'Alumno8'),'2022-05-28 11:59:51',4,11),
((select id_usuario from usuario where nombre_usuario='Alumno9'),(select id_reto from reto inner join persona on nivel = curso inner join usuario using (id_usuario) where nombre_reto = 'Calcula25' and nombre_usuario = 'Alumno9'),'2023-04-13 17:07:53',5,16),
((select id_usuario from usuario where nombre_usuario='Alumno10'),(select id_reto from reto inner join persona on nivel = curso inner join usuario using (id_usuario) where nombre_reto = 'Calcula25' and nombre_usuario = 'Alumno10'),'2023-07-19 09:01:18',3,38),
((select id_usuario from usuario where nombre_usuario='Alumno11'),(select id_reto from reto inner join persona on nivel = curso inner join usuario using (id_usuario) where nombre_reto = 'Calcula25' and nombre_usuario = 'Alumno11'),'2023-06-08 11:44:26',19,54),
((select id_usuario from usuario where nombre_usuario='Alumno12'),(select id_reto from reto inner join persona on nivel = curso inner join usuario using (id_usuario) where nombre_reto = 'Calcula25' and nombre_usuario = 'Alumno12'),'2023-11-01 13:35:13',17,33),
((select id_usuario from usuario where nombre_usuario='Cbarrios'),(select id_reto from reto inner join persona on nivel = curso inner join usuario using (id_usuario) where nombre_reto = 'Calcula25' and nombre_usuario = 'Cbarrios'),'2023-08-09 16:53:17',25,54),
((select id_usuario from usuario where nombre_usuario='Despinosa'),(select id_reto from reto inner join persona on nivel = curso inner join usuario using (id_usuario) where nombre_reto = 'Calcula25' and nombre_usuario = 'Despinosa'),'2022-08-23 14:46:06',2,38),
((select id_usuario from usuario where nombre_usuario='Rgutierrez'),(select id_reto from reto inner join persona on nivel = curso inner join usuario using (id_usuario) where nombre_reto = 'Calcula25' and nombre_usuario = 'Rgutierrez'),'2023-06-18 20:21:44',14,13),
((select id_usuario from usuario where nombre_usuario='Adiez'),(select id_reto from reto inner join persona on nivel = curso inner join usuario using (id_usuario) where nombre_reto = 'Calcula25' and nombre_usuario = 'Adiez'),'2022-01-01 21:08:09',24,42),
((select id_usuario from usuario where nombre_usuario='Alumno1'),(select id_reto from reto inner join persona on nivel = curso inner join usuario using (id_usuario) where nombre_reto = 'Calcula25' and nombre_usuario = 'Alumno1'),'2022-02-06 18:03:25',8,38),
((select id_usuario from usuario where nombre_usuario='Alumno2'),(select id_reto from reto inner join persona on nivel = curso inner join usuario using (id_usuario) where nombre_reto = 'Calcula25' and nombre_usuario = 'Alumno2'),'2023-12-20 17:41:26',12,20),
((select id_usuario from usuario where nombre_usuario='Alumno3'),(select id_reto from reto inner join persona on nivel = curso inner join usuario using (id_usuario) where nombre_reto = 'Calcula25' and nombre_usuario = 'Alumno3'),'2023-03-17 09:53:26',8,56),
((select id_usuario from usuario where nombre_usuario='Alumno4'),(select id_reto from reto inner join persona on nivel = curso inner join usuario using (id_usuario) where nombre_reto = 'Calcula25' and nombre_usuario = 'Alumno4'),'2022-11-22 12:52:50',18,48),
((select id_usuario from usuario where nombre_usuario='Alumno5'),(select id_reto from reto inner join persona on nivel = curso inner join usuario using (id_usuario) where nombre_reto = 'Calcula25' and nombre_usuario = 'Alumno5'),'2022-10-06 14:24:50',4,44),
((select id_usuario from usuario where nombre_usuario='Alumno6'),(select id_reto from reto inner join persona on nivel = curso inner join usuario using (id_usuario) where nombre_reto = 'Calcula25' and nombre_usuario = 'Alumno6'),'2022-11-14 11:34:45',8,50),
((select id_usuario from usuario where nombre_usuario='Alumno7'),(select id_reto from reto inner join persona on nivel = curso inner join usuario using (id_usuario) where nombre_reto = 'Calcula25' and nombre_usuario = 'Alumno7'),'2023-11-16 10:54:14',8,32),
((select id_usuario from usuario where nombre_usuario='Alumno8'),(select id_reto from reto inner join persona on nivel = curso inner join usuario using (id_usuario) where nombre_reto = 'Calcula25' and nombre_usuario = 'Alumno8'),'2023-08-11 21:04:45',3,29),
((select id_usuario from usuario where nombre_usuario='Alumno9'),(select id_reto from reto inner join persona on nivel = curso inner join usuario using (id_usuario) where nombre_reto = 'Calcula25' and nombre_usuario = 'Alumno9'),'2023-03-27 16:02:46',24,25),
((select id_usuario from usuario where nombre_usuario='Alumno10'),(select id_reto from reto inner join persona on nivel = curso inner join usuario using (id_usuario) where nombre_reto = 'Calcula25' and nombre_usuario = 'Alumno10'),'2022-05-21 20:57:03',6,33),
((select id_usuario from usuario where nombre_usuario='Alumno11'),(select id_reto from reto inner join persona on nivel = curso inner join usuario using (id_usuario) where nombre_reto = 'Calcula25' and nombre_usuario = 'Alumno11'),'2022-11-10 12:05:43',20,32),
((select id_usuario from usuario where nombre_usuario='Alumno12'),(select id_reto from reto inner join persona on nivel = curso inner join usuario using (id_usuario) where nombre_reto = 'Calcula25' and nombre_usuario = 'Alumno12'),'2022-11-20 10:41:47',1,35),
((select id_usuario from usuario where nombre_usuario='Cbarrios'),(select id_reto from reto inner join persona on nivel = curso inner join usuario using (id_usuario) where nombre_reto = 'Calcula25' and nombre_usuario = 'Cbarrios'),'2022-04-24 13:51:27',10,44),
((select id_usuario from usuario where nombre_usuario='Despinosa'),(select id_reto from reto inner join persona on nivel = curso inner join usuario using (id_usuario) where nombre_reto = 'Calcula25' and nombre_usuario = 'Despinosa'),'2023-08-27 08:51:17',3,27),
((select id_usuario from usuario where nombre_usuario='Rgutierrez'),(select id_reto from reto inner join persona on nivel = curso inner join usuario using (id_usuario) where nombre_reto = 'Calcula25' and nombre_usuario = 'Rgutierrez'),'2022-08-04 21:25:55',21,31),
((select id_usuario from usuario where nombre_usuario='Adiez'),(select id_reto from reto inner join persona on nivel = curso inner join usuario using (id_usuario) where nombre_reto = 'Calcula25' and nombre_usuario = 'Adiez'),'2022-07-11 14:27:18',2,43),
((select id_usuario from usuario where nombre_usuario='Alumno1'),(select id_reto from reto inner join persona on nivel = curso inner join usuario using (id_usuario) where nombre_reto = 'Calcula25' and nombre_usuario = 'Alumno1'),'2022-10-17 15:40:48',7,5),
((select id_usuario from usuario where nombre_usuario='Alumno2'),(select id_reto from reto inner join persona on nivel = curso inner join usuario using (id_usuario) where nombre_reto = 'Calcula25' and nombre_usuario = 'Alumno2'),'2023-04-18 09:19:01',17,35),
((select id_usuario from usuario where nombre_usuario='Alumno3'),(select id_reto from reto inner join persona on nivel = curso inner join usuario using (id_usuario) where nombre_reto = 'Calcula25' and nombre_usuario = 'Alumno3'),'2022-09-08 20:57:54',17,16),
((select id_usuario from usuario where nombre_usuario='Alumno4'),(select id_reto from reto inner join persona on nivel = curso inner join usuario using (id_usuario) where nombre_reto = 'Calcula25' and nombre_usuario = 'Alumno4'),'2022-07-05 20:05:09',16,16),
((select id_usuario from usuario where nombre_usuario='Alumno5'),(select id_reto from reto inner join persona on nivel = curso inner join usuario using (id_usuario) where nombre_reto = 'Calcula25' and nombre_usuario = 'Alumno5'),'2023-04-18 11:12:02',8,28),
((select id_usuario from usuario where nombre_usuario='Alumno6'),(select id_reto from reto inner join persona on nivel = curso inner join usuario using (id_usuario) where nombre_reto = 'Calcula25' and nombre_usuario = 'Alumno6'),'2022-11-06 10:33:53',6,59),
((select id_usuario from usuario where nombre_usuario='Alumno7'),(select id_reto from reto inner join persona on nivel = curso inner join usuario using (id_usuario) where nombre_reto = 'Calcula25' and nombre_usuario = 'Alumno7'),'2022-05-28 20:53:55',5,15),
((select id_usuario from usuario where nombre_usuario='Alumno8'),(select id_reto from reto inner join persona on nivel = curso inner join usuario using (id_usuario) where nombre_reto = 'Calcula25' and nombre_usuario = 'Alumno8'),'2022-11-22 14:33:43',8,16),
((select id_usuario from usuario where nombre_usuario='Alumno9'),(select id_reto from reto inner join persona on nivel = curso inner join usuario using (id_usuario) where nombre_reto = 'Calcula25' and nombre_usuario = 'Alumno9'),'2023-06-24 08:34:19',8,41),
((select id_usuario from usuario where nombre_usuario='Alumno10'),(select id_reto from reto inner join persona on nivel = curso inner join usuario using (id_usuario) where nombre_reto = 'Calcula25' and nombre_usuario = 'Alumno10'),'2023-11-12 13:18:51',10,41),
((select id_usuario from usuario where nombre_usuario='Alumno11'),(select id_reto from reto inner join persona on nivel = curso inner join usuario using (id_usuario) where nombre_reto = 'Calcula25' and nombre_usuario = 'Alumno11'),'2023-12-04 10:05:49',15,31),
((select id_usuario from usuario where nombre_usuario='Alumno12'),(select id_reto from reto inner join persona on nivel = curso inner join usuario using (id_usuario) where nombre_reto = 'Calcula25' and nombre_usuario = 'Alumno12'),'2022-01-06 09:06:52',24,52),
((select id_usuario from usuario where nombre_usuario='Cbarrios'),(select id_reto from reto inner join persona on nivel = curso inner join usuario using (id_usuario) where nombre_reto = 'Calcula25' and nombre_usuario = 'Cbarrios'),'2023-03-04 14:35:02',18,7),
((select id_usuario from usuario where nombre_usuario='Despinosa'),(select id_reto from reto inner join persona on nivel = curso inner join usuario using (id_usuario) where nombre_reto = 'Calcula25' and nombre_usuario = 'Despinosa'),'2022-01-21 11:45:03',18,36),
((select id_usuario from usuario where nombre_usuario='Rgutierrez'),(select id_reto from reto inner join persona on nivel = curso inner join usuario using (id_usuario) where nombre_reto = 'Calcula25' and nombre_usuario = 'Rgutierrez'),'2023-01-07 17:31:41',21,23),
((select id_usuario from usuario where nombre_usuario='Adiez'),(select id_reto from reto inner join persona on nivel = curso inner join usuario using (id_usuario) where nombre_reto = 'Calcula25' and nombre_usuario = 'Adiez'),'2023-11-05 20:29:28',11,19),
((select id_usuario from usuario where nombre_usuario='Alumno1'),(select id_reto from reto inner join persona on nivel = curso inner join usuario using (id_usuario) where nombre_reto = 'Calcula25' and nombre_usuario = 'Alumno1'),'2023-07-23 14:08:13',18,9),
((select id_usuario from usuario where nombre_usuario='Alumno2'),(select id_reto from reto inner join persona on nivel = curso inner join usuario using (id_usuario) where nombre_reto = 'Calcula25' and nombre_usuario = 'Alumno2'),'2023-06-27 19:03:31',3,42),
((select id_usuario from usuario where nombre_usuario='Alumno3'),(select id_reto from reto inner join persona on nivel = curso inner join usuario using (id_usuario) where nombre_reto = 'Calcula25' and nombre_usuario = 'Alumno3'),'2022-02-03 20:17:14',18,57),
((select id_usuario from usuario where nombre_usuario='Alumno4'),(select id_reto from reto inner join persona on nivel = curso inner join usuario using (id_usuario) where nombre_reto = 'Calcula25' and nombre_usuario = 'Alumno4'),'2022-04-21 20:34:19',2,34),
((select id_usuario from usuario where nombre_usuario='Alumno5'),(select id_reto from reto inner join persona on nivel = curso inner join usuario using (id_usuario) where nombre_reto = 'Calcula25' and nombre_usuario = 'Alumno5'),'2023-03-15 19:31:05',8,8),
((select id_usuario from usuario where nombre_usuario='Alumno6'),(select id_reto from reto inner join persona on nivel = curso inner join usuario using (id_usuario) where nombre_reto = 'Calcula25' and nombre_usuario = 'Alumno6'),'2023-10-11 13:36:36',25,52),
((select id_usuario from usuario where nombre_usuario='Alumno7'),(select id_reto from reto inner join persona on nivel = curso inner join usuario using (id_usuario) where nombre_reto = 'Calcula25' and nombre_usuario = 'Alumno7'),'2023-09-02 12:13:06',3,40),
((select id_usuario from usuario where nombre_usuario='Alumno8'),(select id_reto from reto inner join persona on nivel = curso inner join usuario using (id_usuario) where nombre_reto = 'Calcula25' and nombre_usuario = 'Alumno8'),'2023-06-13 11:33:03',1,8),
((select id_usuario from usuario where nombre_usuario='Alumno9'),(select id_reto from reto inner join persona on nivel = curso inner join usuario using (id_usuario) where nombre_reto = 'Calcula25' and nombre_usuario = 'Alumno9'),'2023-06-09 12:09:36',2,14),
((select id_usuario from usuario where nombre_usuario='Alumno10'),(select id_reto from reto inner join persona on nivel = curso inner join usuario using (id_usuario) where nombre_reto = 'Calcula25' and nombre_usuario = 'Alumno10'),'2023-06-21 19:59:58',13,36),
((select id_usuario from usuario where nombre_usuario='Alumno11'),(select id_reto from reto inner join persona on nivel = curso inner join usuario using (id_usuario) where nombre_reto = 'Calcula25' and nombre_usuario = 'Alumno11'),'2022-11-19 19:11:39',20,16),
((select id_usuario from usuario where nombre_usuario='Alumno12'),(select id_reto from reto inner join persona on nivel = curso inner join usuario using (id_usuario) where nombre_reto = 'Calcula25' and nombre_usuario = 'Alumno12'),'2022-07-20 10:54:23',1,40),
((select id_usuario from usuario where nombre_usuario='Cbarrios'),(select id_reto from reto inner join persona on nivel = curso inner join usuario using (id_usuario) where nombre_reto = 'Calcula25' and nombre_usuario = 'Cbarrios'),'2022-11-14 18:12:39',17,37),
((select id_usuario from usuario where nombre_usuario='Despinosa'),(select id_reto from reto inner join persona on nivel = curso inner join usuario using (id_usuario) where nombre_reto = 'Calcula25' and nombre_usuario = 'Despinosa'),'2022-05-09 15:13:33',11,26),
((select id_usuario from usuario where nombre_usuario='Rgutierrez'),(select id_reto from reto inner join persona on nivel = curso inner join usuario using (id_usuario) where nombre_reto = 'Calcula25' and nombre_usuario = 'Rgutierrez'),'2023-08-21 19:31:10',24,33),
((select id_usuario from usuario where nombre_usuario='Adiez'),(select id_reto from reto inner join persona on nivel = curso inner join usuario using (id_usuario) where nombre_reto = 'Calcula25' and nombre_usuario = 'Adiez'),'2023-03-12 19:36:36',18,21),
((select id_usuario from usuario where nombre_usuario='Alumno1'),(select id_reto from reto inner join persona on nivel = curso inner join usuario using (id_usuario) where nombre_reto = 'Calcula25' and nombre_usuario = 'Alumno1'),'2022-12-27 08:45:58',1,40),
((select id_usuario from usuario where nombre_usuario='Alumno2'),(select id_reto from reto inner join persona on nivel = curso inner join usuario using (id_usuario) where nombre_reto = 'Calcula25' and nombre_usuario = 'Alumno2'),'2023-05-18 21:55:08',15,27),
((select id_usuario from usuario where nombre_usuario='Alumno3'),(select id_reto from reto inner join persona on nivel = curso inner join usuario using (id_usuario) where nombre_reto = 'Calcula25' and nombre_usuario = 'Alumno3'),'2023-01-10 21:04:17',22,16),
((select id_usuario from usuario where nombre_usuario='Alumno4'),(select id_reto from reto inner join persona on nivel = curso inner join usuario using (id_usuario) where nombre_reto = 'Calcula25' and nombre_usuario = 'Alumno4'),'2023-02-19 10:20:56',24,47),
((select id_usuario from usuario where nombre_usuario='Alumno5'),(select id_reto from reto inner join persona on nivel = curso inner join usuario using (id_usuario) where nombre_reto = 'Calcula25' and nombre_usuario = 'Alumno5'),'2022-05-01 17:50:49',15,19),
((select id_usuario from usuario where nombre_usuario='Alumno6'),(select id_reto from reto inner join persona on nivel = curso inner join usuario using (id_usuario) where nombre_reto = 'Calcula25' and nombre_usuario = 'Alumno6'),'2022-01-09 08:03:30',17,44),
((select id_usuario from usuario where nombre_usuario='Alumno7'),(select id_reto from reto inner join persona on nivel = curso inner join usuario using (id_usuario) where nombre_reto = 'Calcula25' and nombre_usuario = 'Alumno7'),'2023-03-10 09:50:03',2,16),
((select id_usuario from usuario where nombre_usuario='Alumno8'),(select id_reto from reto inner join persona on nivel = curso inner join usuario using (id_usuario) where nombre_reto = 'Calcula25' and nombre_usuario = 'Alumno8'),'2022-10-10 15:52:54',25,42),
((select id_usuario from usuario where nombre_usuario='Alumno9'),(select id_reto from reto inner join persona on nivel = curso inner join usuario using (id_usuario) where nombre_reto = 'Calcula25' and nombre_usuario = 'Alumno9'),'2023-09-11 09:33:27',23,24),
((select id_usuario from usuario where nombre_usuario='Alumno10'),(select id_reto from reto inner join persona on nivel = curso inner join usuario using (id_usuario) where nombre_reto = 'Calcula25' and nombre_usuario = 'Alumno10'),'2023-01-21 13:24:27',3,17),
((select id_usuario from usuario where nombre_usuario='Alumno11'),(select id_reto from reto inner join persona on nivel = curso inner join usuario using (id_usuario) where nombre_reto = 'Calcula25' and nombre_usuario = 'Alumno11'),'2022-05-21 19:31:19',13,25),
((select id_usuario from usuario where nombre_usuario='Alumno12'),(select id_reto from reto inner join persona on nivel = curso inner join usuario using (id_usuario) where nombre_reto = 'Calcula25' and nombre_usuario = 'Alumno12'),'2022-07-26 21:45:43',21,44);
