use BBDD;
insert into usuario (nombre_usuario,contrasena,alias) values
('Cbarrios',md5(12345),'AliasKaren'),
('Despinosa',md5(12345),'AliasDaniel'),
('Rgutierrez',md5(12345),'AliasRa'),
('Adiez',md5(12345),'TerciodeMarte'),
('Amartinez',md5(12345),'AliasAmartinez'),
('Alumno1',md5(12345),'AliasAl1'),
('Alumno2',md5(12345),'AliasAl2'),
('Alumno3',md5(12345),'AliasAl3'),
('Alumno4',md5(12345),'AliasAl4'),
('Alumno5',md5(12345),'AliasAl5'),
('Alumno6',md5(12345),'AliasAl6'),
('Alumno7',md5(12345),'AliasAl7'),
('Alumno8',md5(12345),'AliasAl8'),
('Alumno9',md5(12345),'AliasAl9'),
('Alumno10',md5(12345),'AliasAl10'),
('Alumno11',md5(12346),'AliasAl11'),
('Alumno12',md5(12347),'AliasAl12');

insert into persona(id_usuario,nombre,apellido1,apellido2,dni,curso,fecha_naci,profesor,email) values
((select id_usuario from usuario where nombre_usuario='Cbarrios'),'Carmen','Barrios','Fernández','12345678T',1,20000419,0,'123@asd.es'),
((select id_usuario from usuario where nombre_usuario='Despinosa'),'Daniel','Espinosa','García','98765432F',2,19830409,0,'987@asd.es'),
((select id_usuario from usuario where nombre_usuario='Rgutierrez'),'Ramiro','Gutierrez','Valverde','23456789F',3,20001213,0,'234@asd.es'),
((select id_usuario from usuario where nombre_usuario='Adiez'),'Albano','Díez','Paulino','87654321Z',4,20000818,0,'876@asd.es'),
((select id_usuario from usuario where nombre_usuario='Amartinez'),'Andrés','Martínez','González','45678932L',1,19950507,1,'amg456@gmail.com'),
((select id_usuario from usuario where nombre_usuario='Alumno1'),'NomAlumno1','Ap1Alumno1','Ap2Alumno1','12345678A',1,19840315,0,'email1@email.es'),
((select id_usuario from usuario where nombre_usuario='Alumno2'),'NomAlumno2','Ap1Alumno2','Ap2Alumno2','12345678B',2,19830409,0,'email2@email.es'),
((select id_usuario from usuario where nombre_usuario='Alumno3'),'NomAlumno3','Ap1Alumno3','Ap2Alumno3','12345678C',3,19990112,0,'email3@email.es'),
((select id_usuario from usuario where nombre_usuario='Alumno4'),'NomAlumno4','Ap1Alumno4','Ap2Alumno4','12345678D',4,20000213,0,'email4@email.es'),
((select id_usuario from usuario where nombre_usuario='Alumno5'),'NomAlumno5','Ap1Alumno5','Ap2Alumno5','12345678E',1,20000314,0,'email5@email.es'),
((select id_usuario from usuario where nombre_usuario='Alumno6'),'NomAlumno6','Ap1Alumno6','Ap2Alumno6','12345678F',2,20000415,0,'email6@email.es'),
((select id_usuario from usuario where nombre_usuario='Alumno7'),'NomAlumno7','Ap1Alumno7','Ap2Alumno7','12345678G',3,20000516,0,'email7@email.es'),
((select id_usuario from usuario where nombre_usuario='Alumno8'),'NomAlumno8','Ap1Alumno8','Ap2Alumno8','12345678H',4,20000617,0,'email8@email.es'),
((select id_usuario from usuario where nombre_usuario='Alumno9'),'NomAlumno9','Ap1Alumno9','Ap2Alumno9','12345678I',1,20000718,0,'email9@email.es'),
((select id_usuario from usuario where nombre_usuario='Alumno10'),'NomAlumno10','Ap1Alumno10','Ap2Alumno10','12345678J',2,20000819,0,'email10@email.es'),
((select id_usuario from usuario where nombre_usuario='Alumno11'),'NomAlumno11','Ap1Alumno11','Ap2Alumno11','12345678K',3,20000920,0,'email11@email.es'),
((select id_usuario from usuario where nombre_usuario='Alumno12'),'NomAlumno12','Ap1Alumno12','Ap2Alumno12','12345678L',4,20001021,0,'email12@email.es');

insert into ajuste (usuario,sonido) values
((select id_usuario from usuario where nombre_usuario='Cbarrios'),0),
((select id_usuario from usuario where nombre_usuario='Despinosa'),0),
((select id_usuario from usuario where nombre_usuario='Rgutierrez'),0),
((select id_usuario from usuario where nombre_usuario='Adiez'),0),
((select id_usuario from usuario where nombre_usuario='Amartinez'),0),
((select id_usuario from usuario where nombre_usuario='Alumno1'),0),
((select id_usuario from usuario where nombre_usuario='Alumno2'),0),
((select id_usuario from usuario where nombre_usuario='Alumno3'),0),
((select id_usuario from usuario where nombre_usuario='Alumno4'),0),
((select id_usuario from usuario where nombre_usuario='Alumno5'),0),
((select id_usuario from usuario where nombre_usuario='Alumno6'),0),
((select id_usuario from usuario where nombre_usuario='Alumno7'),0),
((select id_usuario from usuario where nombre_usuario='Alumno8'),0),
((select id_usuario from usuario where nombre_usuario='Alumno9'),0),
((select id_usuario from usuario where nombre_usuario='Alumno10'),0),
((select id_usuario from usuario where nombre_usuario='Alumno11'),0),
((select id_usuario from usuario where nombre_usuario='Alumno12'),0);


insert into reto (nombre_reto,nivel) values
('Calcula25',1),
('Calcula25',2),
('Calcula25',3),
('Calcula25',4),
('Euclides',1),
('Euclides',2),
('Euclides',3),
('Euclides',4),
('RestoDiv',1),
('RestoDiv',2),
('RestoDiv',3),
('RestoDiv',4);

-- Generados aleatoriamente datos para la tabla calculo.
insert into calculo(jugador,reto,fecha_hora,aciertos,tiempo_partida) values
((select id_usuario from usuario where nombre_usuario='Cbarrios'),(select id_reto from reto inner join persona on nivel = curso inner join usuario using (id_usuario) where nombre_reto = 'Calcula25' and nombre_usuario = 'Cbarrios'),'2022-11-24 10:34:14',5,sec_to_time(53)),
((select id_usuario from usuario where nombre_usuario='Despinosa'),(select id_reto from reto inner join persona on nivel = curso inner join usuario using (id_usuario) where nombre_reto = 'Calcula25' and nombre_usuario = 'Despinosa'),'2022-05-06 13:13:15',7,sec_to_time(59)),
((select id_usuario from usuario where nombre_usuario='Rgutierrez'),(select id_reto from reto inner join persona on nivel = curso inner join usuario using (id_usuario) where nombre_reto = 'Calcula25' and nombre_usuario = 'Rgutierrez'),'2022-05-04 08:26:25',8,sec_to_time(35)),
((select id_usuario from usuario where nombre_usuario='Adiez'),(select id_reto from reto inner join persona on nivel = curso inner join usuario using (id_usuario) where nombre_reto = 'Calcula25' and nombre_usuario = 'Adiez'),'2022-11-16 17:26:44',25,sec_to_time(9)),
((select id_usuario from usuario where nombre_usuario='Alumno1'),(select id_reto from reto inner join persona on nivel = curso inner join usuario using (id_usuario) where nombre_reto = 'Calcula25' and nombre_usuario = 'Alumno1'),'2022-06-22 10:23:03',4,sec_to_time(30)),
((select id_usuario from usuario where nombre_usuario='Alumno2'),(select id_reto from reto inner join persona on nivel = curso inner join usuario using (id_usuario) where nombre_reto = 'Calcula25' and nombre_usuario = 'Alumno2'),'2022-09-14 18:25:11',23,sec_to_time(54)),
((select id_usuario from usuario where nombre_usuario='Alumno3'),(select id_reto from reto inner join persona on nivel = curso inner join usuario using (id_usuario) where nombre_reto = 'Calcula25' and nombre_usuario = 'Alumno3'),'2022-12-08 16:28:57',1,sec_to_time(13)),
((select id_usuario from usuario where nombre_usuario='Alumno4'),(select id_reto from reto inner join persona on nivel = curso inner join usuario using (id_usuario) where nombre_reto = 'Calcula25' and nombre_usuario = 'Alumno4'),'2022-11-05 21:41:31',24,sec_to_time(32)),
((select id_usuario from usuario where nombre_usuario='Alumno5'),(select id_reto from reto inner join persona on nivel = curso inner join usuario using (id_usuario) where nombre_reto = 'Calcula25' and nombre_usuario = 'Alumno5'),'2022-09-14 14:30:23',23,sec_to_time(24)),
((select id_usuario from usuario where nombre_usuario='Alumno6'),(select id_reto from reto inner join persona on nivel = curso inner join usuario using (id_usuario) where nombre_reto = 'Calcula25' and nombre_usuario = 'Alumno6'),'2022-07-01 12:21:35',20,sec_to_time(16)),
((select id_usuario from usuario where nombre_usuario='Alumno7'),(select id_reto from reto inner join persona on nivel = curso inner join usuario using (id_usuario) where nombre_reto = 'Calcula25' and nombre_usuario = 'Alumno7'),'2022-03-16 12:52:43',6,sec_to_time(59)),
((select id_usuario from usuario where nombre_usuario='Alumno8'),(select id_reto from reto inner join persona on nivel = curso inner join usuario using (id_usuario) where nombre_reto = 'Calcula25' and nombre_usuario = 'Alumno8'),'2022-11-26 17:26:35',13,sec_to_time(46)),
((select id_usuario from usuario where nombre_usuario='Alumno9'),(select id_reto from reto inner join persona on nivel = curso inner join usuario using (id_usuario) where nombre_reto = 'Calcula25' and nombre_usuario = 'Alumno9'),'2022-08-07 13:09:16',23,sec_to_time(43)),
((select id_usuario from usuario where nombre_usuario='Alumno10'),(select id_reto from reto inner join persona on nivel = curso inner join usuario using (id_usuario) where nombre_reto = 'Calcula25' and nombre_usuario = 'Alumno10'),'2022-08-16 20:00:22',10,sec_to_time(17)),
((select id_usuario from usuario where nombre_usuario='Alumno11'),(select id_reto from reto inner join persona on nivel = curso inner join usuario using (id_usuario) where nombre_reto = 'Calcula25' and nombre_usuario = 'Alumno11'),'2022-10-22 15:12:19',23,sec_to_time(21)),
((select id_usuario from usuario where nombre_usuario='Alumno12'),(select id_reto from reto inner join persona on nivel = curso inner join usuario using (id_usuario) where nombre_reto = 'Calcula25' and nombre_usuario = 'Alumno12'),'2022-06-28 20:15:21',11,sec_to_time(5)),
((select id_usuario from usuario where nombre_usuario='Cbarrios'),(select id_reto from reto inner join persona on nivel = curso inner join usuario using (id_usuario) where nombre_reto = 'Calcula25' and nombre_usuario = 'Cbarrios'),'2022-08-12 10:15:57',17,sec_to_time(10)),
((select id_usuario from usuario where nombre_usuario='Despinosa'),(select id_reto from reto inner join persona on nivel = curso inner join usuario using (id_usuario) where nombre_reto = 'Calcula25' and nombre_usuario = 'Despinosa'),'2022-11-21 20:37:00',2,sec_to_time(57)),
((select id_usuario from usuario where nombre_usuario='Rgutierrez'),(select id_reto from reto inner join persona on nivel = curso inner join usuario using (id_usuario) where nombre_reto = 'Calcula25' and nombre_usuario = 'Rgutierrez'),'2022-06-10 13:48:44',5,sec_to_time(76)),
((select id_usuario from usuario where nombre_usuario='Adiez'),(select id_reto from reto inner join persona on nivel = curso inner join usuario using (id_usuario) where nombre_reto = 'Calcula25' and nombre_usuario = 'Adiez'),'2022-02-05 16:54:55',7,sec_to_time(80)),
((select id_usuario from usuario where nombre_usuario='Alumno1'),(select id_reto from reto inner join persona on nivel = curso inner join usuario using (id_usuario) where nombre_reto = 'Calcula25' and nombre_usuario = 'Alumno1'),'2022-09-06 12:36:47',20,sec_to_time(74)),
((select id_usuario from usuario where nombre_usuario='Alumno2'),(select id_reto from reto inner join persona on nivel = curso inner join usuario using (id_usuario) where nombre_reto = 'Calcula25' and nombre_usuario = 'Alumno2'),'2022-11-26 12:30:52',14,sec_to_time(26)),
((select id_usuario from usuario where nombre_usuario='Alumno3'),(select id_reto from reto inner join persona on nivel = curso inner join usuario using (id_usuario) where nombre_reto = 'Calcula25' and nombre_usuario = 'Alumno3'),'2022-09-10 18:25:17',6,sec_to_time(24)),
((select id_usuario from usuario where nombre_usuario='Alumno4'),(select id_reto from reto inner join persona on nivel = curso inner join usuario using (id_usuario) where nombre_reto = 'Calcula25' and nombre_usuario = 'Alumno4'),'2022-04-24 18:32:32',6,sec_to_time(28)),
((select id_usuario from usuario where nombre_usuario='Alumno5'),(select id_reto from reto inner join persona on nivel = curso inner join usuario using (id_usuario) where nombre_reto = 'Calcula25' and nombre_usuario = 'Alumno5'),'2022-05-25 17:38:06',8,sec_to_time(9)),
((select id_usuario from usuario where nombre_usuario='Alumno6'),(select id_reto from reto inner join persona on nivel = curso inner join usuario using (id_usuario) where nombre_reto = 'Calcula25' and nombre_usuario = 'Alumno6'),'2022-01-21 12:52:43',16,sec_to_time(79)),
((select id_usuario from usuario where nombre_usuario='Alumno7'),(select id_reto from reto inner join persona on nivel = curso inner join usuario using (id_usuario) where nombre_reto = 'Calcula25' and nombre_usuario = 'Alumno7'),'2022-04-28 12:52:28',9,sec_to_time(39)),
((select id_usuario from usuario where nombre_usuario='Alumno8'),(select id_reto from reto inner join persona on nivel = curso inner join usuario using (id_usuario) where nombre_reto = 'Calcula25' and nombre_usuario = 'Alumno8'),'2022-08-14 18:26:47',6,sec_to_time(5)),
((select id_usuario from usuario where nombre_usuario='Alumno9'),(select id_reto from reto inner join persona on nivel = curso inner join usuario using (id_usuario) where nombre_reto = 'Calcula25' and nombre_usuario = 'Alumno9'),'2022-06-21 11:35:42',16,sec_to_time(58)),
((select id_usuario from usuario where nombre_usuario='Alumno10'),(select id_reto from reto inner join persona on nivel = curso inner join usuario using (id_usuario) where nombre_reto = 'Calcula25' and nombre_usuario = 'Alumno10'),'2022-10-18 10:10:57',9,sec_to_time(73)),
((select id_usuario from usuario where nombre_usuario='Alumno11'),(select id_reto from reto inner join persona on nivel = curso inner join usuario using (id_usuario) where nombre_reto = 'Calcula25' and nombre_usuario = 'Alumno11'),'2022-10-09 10:54:12',7,sec_to_time(52)),
((select id_usuario from usuario where nombre_usuario='Alumno12'),(select id_reto from reto inner join persona on nivel = curso inner join usuario using (id_usuario) where nombre_reto = 'Calcula25' and nombre_usuario = 'Alumno12'),'2022-08-15 12:08:16',3,sec_to_time(14)),
((select id_usuario from usuario where nombre_usuario='Cbarrios'),(select id_reto from reto inner join persona on nivel = curso inner join usuario using (id_usuario) where nombre_reto = 'Calcula25' and nombre_usuario = 'Cbarrios'),'2022-09-16 17:11:32',6,sec_to_time(75)),
((select id_usuario from usuario where nombre_usuario='Despinosa'),(select id_reto from reto inner join persona on nivel = curso inner join usuario using (id_usuario) where nombre_reto = 'Calcula25' and nombre_usuario = 'Despinosa'),'2022-02-14 17:51:19',19,sec_to_time(59)),
((select id_usuario from usuario where nombre_usuario='Rgutierrez'),(select id_reto from reto inner join persona on nivel = curso inner join usuario using (id_usuario) where nombre_reto = 'Calcula25' and nombre_usuario = 'Rgutierrez'),'2022-07-19 17:02:20',20,sec_to_time(77)),
((select id_usuario from usuario where nombre_usuario='Adiez'),(select id_reto from reto inner join persona on nivel = curso inner join usuario using (id_usuario) where nombre_reto = 'Calcula25' and nombre_usuario = 'Adiez'),'2022-06-03 12:22:44',21,sec_to_time(18)),
((select id_usuario from usuario where nombre_usuario='Alumno1'),(select id_reto from reto inner join persona on nivel = curso inner join usuario using (id_usuario) where nombre_reto = 'Calcula25' and nombre_usuario = 'Alumno1'),'2022-07-08 15:28:35',15,sec_to_time(67)),
((select id_usuario from usuario where nombre_usuario='Alumno2'),(select id_reto from reto inner join persona on nivel = curso inner join usuario using (id_usuario) where nombre_reto = 'Calcula25' and nombre_usuario = 'Alumno2'),'2022-11-10 19:57:04',1,sec_to_time(17)),
((select id_usuario from usuario where nombre_usuario='Alumno3'),(select id_reto from reto inner join persona on nivel = curso inner join usuario using (id_usuario) where nombre_reto = 'Calcula25' and nombre_usuario = 'Alumno3'),'2022-09-02 12:22:35',11,sec_to_time(12)),
((select id_usuario from usuario where nombre_usuario='Alumno4'),(select id_reto from reto inner join persona on nivel = curso inner join usuario using (id_usuario) where nombre_reto = 'Calcula25' and nombre_usuario = 'Alumno4'),'2022-12-28 13:04:56',5,sec_to_time(60)),
((select id_usuario from usuario where nombre_usuario='Alumno5'),(select id_reto from reto inner join persona on nivel = curso inner join usuario using (id_usuario) where nombre_reto = 'Calcula25' and nombre_usuario = 'Alumno5'),'2022-07-25 20:29:48',16,sec_to_time(27)),
((select id_usuario from usuario where nombre_usuario='Alumno6'),(select id_reto from reto inner join persona on nivel = curso inner join usuario using (id_usuario) where nombre_reto = 'Calcula25' and nombre_usuario = 'Alumno6'),'2022-09-26 08:23:38',19,sec_to_time(17)),
((select id_usuario from usuario where nombre_usuario='Alumno7'),(select id_reto from reto inner join persona on nivel = curso inner join usuario using (id_usuario) where nombre_reto = 'Calcula25' and nombre_usuario = 'Alumno7'),'2022-05-23 19:23:20',11,sec_to_time(70)),
((select id_usuario from usuario where nombre_usuario='Alumno8'),(select id_reto from reto inner join persona on nivel = curso inner join usuario using (id_usuario) where nombre_reto = 'Calcula25' and nombre_usuario = 'Alumno8'),'2022-07-03 10:38:36',16,sec_to_time(58)),
((select id_usuario from usuario where nombre_usuario='Alumno9'),(select id_reto from reto inner join persona on nivel = curso inner join usuario using (id_usuario) where nombre_reto = 'Calcula25' and nombre_usuario = 'Alumno9'),'2022-07-28 21:14:58',21,sec_to_time(12)),
((select id_usuario from usuario where nombre_usuario='Alumno10'),(select id_reto from reto inner join persona on nivel = curso inner join usuario using (id_usuario) where nombre_reto = 'Calcula25' and nombre_usuario = 'Alumno10'),'2022-12-05 13:33:05',15,sec_to_time(17)),
((select id_usuario from usuario where nombre_usuario='Alumno11'),(select id_reto from reto inner join persona on nivel = curso inner join usuario using (id_usuario) where nombre_reto = 'Calcula25' and nombre_usuario = 'Alumno11'),'2022-06-26 21:02:23',17,sec_to_time(45)),
((select id_usuario from usuario where nombre_usuario='Alumno12'),(select id_reto from reto inner join persona on nivel = curso inner join usuario using (id_usuario) where nombre_reto = 'Calcula25' and nombre_usuario = 'Alumno12'),'2022-01-16 18:12:56',13,sec_to_time(22)),
((select id_usuario from usuario where nombre_usuario='Cbarrios'),(select id_reto from reto inner join persona on nivel = curso inner join usuario using (id_usuario) where nombre_reto = 'Calcula25' and nombre_usuario = 'Cbarrios'),'2023-01-25 15:54:05',17,sec_to_time(7)),
((select id_usuario from usuario where nombre_usuario='Despinosa'),(select id_reto from reto inner join persona on nivel = curso inner join usuario using (id_usuario) where nombre_reto = 'Calcula25' and nombre_usuario = 'Despinosa'),'2023-04-16 10:54:03',20,sec_to_time(13)),
((select id_usuario from usuario where nombre_usuario='Rgutierrez'),(select id_reto from reto inner join persona on nivel = curso inner join usuario using (id_usuario) where nombre_reto = 'Calcula25' and nombre_usuario = 'Rgutierrez'),'2023-01-19 13:13:45',1,sec_to_time(21)),
((select id_usuario from usuario where nombre_usuario='Adiez'),(select id_reto from reto inner join persona on nivel = curso inner join usuario using (id_usuario) where nombre_reto = 'Calcula25' and nombre_usuario = 'Adiez'),'2023-04-02 09:49:33',21,sec_to_time(74)),
((select id_usuario from usuario where nombre_usuario='Alumno1'),(select id_reto from reto inner join persona on nivel = curso inner join usuario using (id_usuario) where nombre_reto = 'Calcula25' and nombre_usuario = 'Alumno1'),'2023-09-12 09:21:23',24,sec_to_time(70)),
((select id_usuario from usuario where nombre_usuario='Alumno2'),(select id_reto from reto inner join persona on nivel = curso inner join usuario using (id_usuario) where nombre_reto = 'Calcula25' and nombre_usuario = 'Alumno2'),'2023-09-02 14:32:44',24,sec_to_time(44)),
((select id_usuario from usuario where nombre_usuario='Alumno3'),(select id_reto from reto inner join persona on nivel = curso inner join usuario using (id_usuario) where nombre_reto = 'Calcula25' and nombre_usuario = 'Alumno3'),'2023-07-18 09:36:49',10,sec_to_time(45)),
((select id_usuario from usuario where nombre_usuario='Alumno4'),(select id_reto from reto inner join persona on nivel = curso inner join usuario using (id_usuario) where nombre_reto = 'Calcula25' and nombre_usuario = 'Alumno4'),'2023-08-01 13:01:22',19,sec_to_time(80)),
((select id_usuario from usuario where nombre_usuario='Alumno5'),(select id_reto from reto inner join persona on nivel = curso inner join usuario using (id_usuario) where nombre_reto = 'Calcula25' and nombre_usuario = 'Alumno5'),'2023-02-14 18:59:12',15,sec_to_time(32)),
((select id_usuario from usuario where nombre_usuario='Alumno6'),(select id_reto from reto inner join persona on nivel = curso inner join usuario using (id_usuario) where nombre_reto = 'Calcula25' and nombre_usuario = 'Alumno6'),'2023-08-03 10:35:57',4,sec_to_time(14)),
((select id_usuario from usuario where nombre_usuario='Alumno7'),(select id_reto from reto inner join persona on nivel = curso inner join usuario using (id_usuario) where nombre_reto = 'Calcula25' and nombre_usuario = 'Alumno7'),'2023-11-15 20:40:07',21,sec_to_time(70)),
((select id_usuario from usuario where nombre_usuario='Alumno8'),(select id_reto from reto inner join persona on nivel = curso inner join usuario using (id_usuario) where nombre_reto = 'Calcula25' and nombre_usuario = 'Alumno8'),'2023-12-23 21:41:04',6,sec_to_time(6)),
((select id_usuario from usuario where nombre_usuario='Alumno9'),(select id_reto from reto inner join persona on nivel = curso inner join usuario using (id_usuario) where nombre_reto = 'Calcula25' and nombre_usuario = 'Alumno9'),'2023-09-23 16:42:27',2,sec_to_time(73)),
((select id_usuario from usuario where nombre_usuario='Alumno10'),(select id_reto from reto inner join persona on nivel = curso inner join usuario using (id_usuario) where nombre_reto = 'Calcula25' and nombre_usuario = 'Alumno10'),'2023-03-01 14:32:10',9,sec_to_time(11)),
((select id_usuario from usuario where nombre_usuario='Alumno11'),(select id_reto from reto inner join persona on nivel = curso inner join usuario using (id_usuario) where nombre_reto = 'Calcula25' and nombre_usuario = 'Alumno11'),'2023-08-24 19:19:57',25,sec_to_time(59)),
((select id_usuario from usuario where nombre_usuario='Alumno12'),(select id_reto from reto inner join persona on nivel = curso inner join usuario using (id_usuario) where nombre_reto = 'Calcula25' and nombre_usuario = 'Alumno12'),'2023-05-14 14:51:39',8,sec_to_time(70)),
((select id_usuario from usuario where nombre_usuario='Cbarrios'),(select id_reto from reto inner join persona on nivel = curso inner join usuario using (id_usuario) where nombre_reto = 'Calcula25' and nombre_usuario = 'Cbarrios'),'2023-11-07 18:11:44',20,sec_to_time(32)),
((select id_usuario from usuario where nombre_usuario='Despinosa'),(select id_reto from reto inner join persona on nivel = curso inner join usuario using (id_usuario) where nombre_reto = 'Calcula25' and nombre_usuario = 'Despinosa'),'2023-12-03 13:51:05',2,sec_to_time(75)),
((select id_usuario from usuario where nombre_usuario='Rgutierrez'),(select id_reto from reto inner join persona on nivel = curso inner join usuario using (id_usuario) where nombre_reto = 'Calcula25' and nombre_usuario = 'Rgutierrez'),'2023-04-20 14:07:36',19,sec_to_time(38)),
((select id_usuario from usuario where nombre_usuario='Adiez'),(select id_reto from reto inner join persona on nivel = curso inner join usuario using (id_usuario) where nombre_reto = 'Calcula25' and nombre_usuario = 'Adiez'),'2023-06-14 17:29:11',13,sec_to_time(53)),
((select id_usuario from usuario where nombre_usuario='Alumno1'),(select id_reto from reto inner join persona on nivel = curso inner join usuario using (id_usuario) where nombre_reto = 'Calcula25' and nombre_usuario = 'Alumno1'),'2023-11-16 09:37:03',18,sec_to_time(25)),
((select id_usuario from usuario where nombre_usuario='Alumno2'),(select id_reto from reto inner join persona on nivel = curso inner join usuario using (id_usuario) where nombre_reto = 'Calcula25' and nombre_usuario = 'Alumno2'),'2023-06-09 14:55:09',2,sec_to_time(70)),
((select id_usuario from usuario where nombre_usuario='Alumno3'),(select id_reto from reto inner join persona on nivel = curso inner join usuario using (id_usuario) where nombre_reto = 'Calcula25' and nombre_usuario = 'Alumno3'),'2023-11-15 18:28:49',11,sec_to_time(78)),
((select id_usuario from usuario where nombre_usuario='Alumno4'),(select id_reto from reto inner join persona on nivel = curso inner join usuario using (id_usuario) where nombre_reto = 'Calcula25' and nombre_usuario = 'Alumno4'),'2023-06-15 17:29:01',7,sec_to_time(23)),
((select id_usuario from usuario where nombre_usuario='Alumno5'),(select id_reto from reto inner join persona on nivel = curso inner join usuario using (id_usuario) where nombre_reto = 'Calcula25' and nombre_usuario = 'Alumno5'),'2023-10-15 17:32:04',17,sec_to_time(28)),
((select id_usuario from usuario where nombre_usuario='Alumno6'),(select id_reto from reto inner join persona on nivel = curso inner join usuario using (id_usuario) where nombre_reto = 'Calcula25' and nombre_usuario = 'Alumno6'),'2023-02-11 19:17:14',19,sec_to_time(46)),
((select id_usuario from usuario where nombre_usuario='Alumno7'),(select id_reto from reto inner join persona on nivel = curso inner join usuario using (id_usuario) where nombre_reto = 'Calcula25' and nombre_usuario = 'Alumno7'),'2023-09-15 21:00:06',7,sec_to_time(23)),
((select id_usuario from usuario where nombre_usuario='Alumno8'),(select id_reto from reto inner join persona on nivel = curso inner join usuario using (id_usuario) where nombre_reto = 'Calcula25' and nombre_usuario = 'Alumno8'),'2023-02-23 10:39:52',18,sec_to_time(15)),
((select id_usuario from usuario where nombre_usuario='Alumno9'),(select id_reto from reto inner join persona on nivel = curso inner join usuario using (id_usuario) where nombre_reto = 'Calcula25' and nombre_usuario = 'Alumno9'),'2023-09-13 19:16:43',3,sec_to_time(25)),
((select id_usuario from usuario where nombre_usuario='Alumno10'),(select id_reto from reto inner join persona on nivel = curso inner join usuario using (id_usuario) where nombre_reto = 'Calcula25' and nombre_usuario = 'Alumno10'),'2023-03-28 11:08:45',9,sec_to_time(13)),
((select id_usuario from usuario where nombre_usuario='Alumno11'),(select id_reto from reto inner join persona on nivel = curso inner join usuario using (id_usuario) where nombre_reto = 'Calcula25' and nombre_usuario = 'Alumno11'),'2023-10-21 09:46:57',7,sec_to_time(59)),
((select id_usuario from usuario where nombre_usuario='Alumno12'),(select id_reto from reto inner join persona on nivel = curso inner join usuario using (id_usuario) where nombre_reto = 'Calcula25' and nombre_usuario = 'Alumno12'),'2023-04-08 10:49:31',9,sec_to_time(10)),
((select id_usuario from usuario where nombre_usuario='Cbarrios'),(select id_reto from reto inner join persona on nivel = curso inner join usuario using (id_usuario) where nombre_reto = 'Calcula25' and nombre_usuario = 'Cbarrios'),'2023-07-10 18:18:29',21,sec_to_time(12)),
((select id_usuario from usuario where nombre_usuario='Despinosa'),(select id_reto from reto inner join persona on nivel = curso inner join usuario using (id_usuario) where nombre_reto = 'Calcula25' and nombre_usuario = 'Despinosa'),'2023-11-28 15:49:50',2,sec_to_time(49)),
((select id_usuario from usuario where nombre_usuario='Rgutierrez'),(select id_reto from reto inner join persona on nivel = curso inner join usuario using (id_usuario) where nombre_reto = 'Calcula25' and nombre_usuario = 'Rgutierrez'),'2023-07-09 11:43:37',10,sec_to_time(11)),
((select id_usuario from usuario where nombre_usuario='Adiez'),(select id_reto from reto inner join persona on nivel = curso inner join usuario using (id_usuario) where nombre_reto = 'Calcula25' and nombre_usuario = 'Adiez'),'2023-12-08 17:28:08',12,sec_to_time(77)),
((select id_usuario from usuario where nombre_usuario='Alumno1'),(select id_reto from reto inner join persona on nivel = curso inner join usuario using (id_usuario) where nombre_reto = 'Calcula25' and nombre_usuario = 'Alumno1'),'2023-08-25 13:31:41',3,sec_to_time(44)),
((select id_usuario from usuario where nombre_usuario='Alumno2'),(select id_reto from reto inner join persona on nivel = curso inner join usuario using (id_usuario) where nombre_reto = 'Calcula25' and nombre_usuario = 'Alumno2'),'2023-10-27 16:43:52',14,sec_to_time(31)),
((select id_usuario from usuario where nombre_usuario='Alumno3'),(select id_reto from reto inner join persona on nivel = curso inner join usuario using (id_usuario) where nombre_reto = 'Calcula25' and nombre_usuario = 'Alumno3'),'2023-03-20 18:15:50',6,sec_to_time(15)),
((select id_usuario from usuario where nombre_usuario='Alumno4'),(select id_reto from reto inner join persona on nivel = curso inner join usuario using (id_usuario) where nombre_reto = 'Calcula25' and nombre_usuario = 'Alumno4'),'2023-03-24 20:57:31',5,sec_to_time(50)),
((select id_usuario from usuario where nombre_usuario='Alumno5'),(select id_reto from reto inner join persona on nivel = curso inner join usuario using (id_usuario) where nombre_reto = 'Calcula25' and nombre_usuario = 'Alumno5'),'2023-12-19 17:30:47',7,sec_to_time(6)),
((select id_usuario from usuario where nombre_usuario='Alumno6'),(select id_reto from reto inner join persona on nivel = curso inner join usuario using (id_usuario) where nombre_reto = 'Calcula25' and nombre_usuario = 'Alumno6'),'2023-02-08 09:45:28',16,sec_to_time(55)),
((select id_usuario from usuario where nombre_usuario='Alumno7'),(select id_reto from reto inner join persona on nivel = curso inner join usuario using (id_usuario) where nombre_reto = 'Calcula25' and nombre_usuario = 'Alumno7'),'2023-12-23 18:49:46',18,sec_to_time(11)),
((select id_usuario from usuario where nombre_usuario='Alumno8'),(select id_reto from reto inner join persona on nivel = curso inner join usuario using (id_usuario) where nombre_reto = 'Calcula25' and nombre_usuario = 'Alumno8'),'2023-08-22 11:43:07',16,sec_to_time(70)),
((select id_usuario from usuario where nombre_usuario='Alumno9'),(select id_reto from reto inner join persona on nivel = curso inner join usuario using (id_usuario) where nombre_reto = 'Calcula25' and nombre_usuario = 'Alumno9'),'2023-01-08 20:56:47',19,sec_to_time(53)),
((select id_usuario from usuario where nombre_usuario='Alumno10'),(select id_reto from reto inner join persona on nivel = curso inner join usuario using (id_usuario) where nombre_reto = 'Calcula25' and nombre_usuario = 'Alumno10'),'2023-10-26 09:25:02',12,sec_to_time(77)),
((select id_usuario from usuario where nombre_usuario='Alumno11'),(select id_reto from reto inner join persona on nivel = curso inner join usuario using (id_usuario) where nombre_reto = 'Calcula25' and nombre_usuario = 'Alumno11'),'2023-09-18 18:14:26',18,sec_to_time(39)),
((select id_usuario from usuario where nombre_usuario='Alumno12'),(select id_reto from reto inner join persona on nivel = curso inner join usuario using (id_usuario) where nombre_reto = 'Calcula25' and nombre_usuario = 'Alumno12'),'2023-01-28 19:30:25',4,sec_to_time(62));



-- Generados aleatoriamente datos para la tabla restos_div.
insert into resto_div(jugador,reto,fecha_hora,aciertos,tiempo_partida) values
((select id_usuario from usuario where nombre_usuario='Cbarrios'),(select id_reto from reto inner join persona on nivel = curso inner join usuario using (id_usuario) where nombre_reto = 'RestoDiv' and nombre_usuario = 'Cbarrios'),'2022-07-12 13:20:46',0,sec_to_time(48)),
((select id_usuario from usuario where nombre_usuario='Despinosa'),(select id_reto from reto inner join persona on nivel = curso inner join usuario using (id_usuario) where nombre_reto = 'RestoDiv' and nombre_usuario = 'Despinosa'),'2022-02-12 20:50:18',4,sec_to_time(50)),
((select id_usuario from usuario where nombre_usuario='Rgutierrez'),(select id_reto from reto inner join persona on nivel = curso inner join usuario using (id_usuario) where nombre_reto = 'RestoDiv' and nombre_usuario = 'Rgutierrez'),'2022-05-21 20:19:08',3,sec_to_time(66)),
((select id_usuario from usuario where nombre_usuario='Adiez'),(select id_reto from reto inner join persona on nivel = curso inner join usuario using (id_usuario) where nombre_reto = 'RestoDiv' and nombre_usuario = 'Adiez'),'2022-11-04 08:04:03',2,sec_to_time(34)),
((select id_usuario from usuario where nombre_usuario='Alumno1'),(select id_reto from reto inner join persona on nivel = curso inner join usuario using (id_usuario) where nombre_reto = 'RestoDiv' and nombre_usuario = 'Alumno1'),'2022-07-08 11:50:59',0,sec_to_time(41)),
((select id_usuario from usuario where nombre_usuario='Alumno2'),(select id_reto from reto inner join persona on nivel = curso inner join usuario using (id_usuario) where nombre_reto = 'RestoDiv' and nombre_usuario = 'Alumno2'),'2022-11-07 09:19:15',3,sec_to_time(61)),
((select id_usuario from usuario where nombre_usuario='Alumno3'),(select id_reto from reto inner join persona on nivel = curso inner join usuario using (id_usuario) where nombre_reto = 'RestoDiv' and nombre_usuario = 'Alumno3'),'2022-02-08 21:07:10',3,sec_to_time(35)),
((select id_usuario from usuario where nombre_usuario='Alumno4'),(select id_reto from reto inner join persona on nivel = curso inner join usuario using (id_usuario) where nombre_reto = 'RestoDiv' and nombre_usuario = 'Alumno4'),'2022-04-03 08:46:14',4,sec_to_time(34)),
((select id_usuario from usuario where nombre_usuario='Alumno5'),(select id_reto from reto inner join persona on nivel = curso inner join usuario using (id_usuario) where nombre_reto = 'RestoDiv' and nombre_usuario = 'Alumno5'),'2022-05-05 14:38:13',3,sec_to_time(47)),
((select id_usuario from usuario where nombre_usuario='Alumno6'),(select id_reto from reto inner join persona on nivel = curso inner join usuario using (id_usuario) where nombre_reto = 'RestoDiv' and nombre_usuario = 'Alumno6'),'2022-01-14 10:51:11',4,sec_to_time(65)),
((select id_usuario from usuario where nombre_usuario='Alumno7'),(select id_reto from reto inner join persona on nivel = curso inner join usuario using (id_usuario) where nombre_reto = 'RestoDiv' and nombre_usuario = 'Alumno7'),'2022-11-16 16:59:25',5,sec_to_time(49)),
((select id_usuario from usuario where nombre_usuario='Alumno8'),(select id_reto from reto inner join persona on nivel = curso inner join usuario using (id_usuario) where nombre_reto = 'RestoDiv' and nombre_usuario = 'Alumno8'),'2022-05-04 20:24:39',3,sec_to_time(46)),
((select id_usuario from usuario where nombre_usuario='Alumno9'),(select id_reto from reto inner join persona on nivel = curso inner join usuario using (id_usuario) where nombre_reto = 'RestoDiv' and nombre_usuario = 'Alumno9'),'2022-12-02 08:15:47',4,sec_to_time(60)),
((select id_usuario from usuario where nombre_usuario='Alumno10'),(select id_reto from reto inner join persona on nivel = curso inner join usuario using (id_usuario) where nombre_reto = 'RestoDiv' and nombre_usuario = 'Alumno10'),'2022-03-22 21:37:09',0,sec_to_time(46)),
((select id_usuario from usuario where nombre_usuario='Alumno11'),(select id_reto from reto inner join persona on nivel = curso inner join usuario using (id_usuario) where nombre_reto = 'RestoDiv' and nombre_usuario = 'Alumno11'),'2022-11-15 13:41:21',1,sec_to_time(34)),
((select id_usuario from usuario where nombre_usuario='Alumno12'),(select id_reto from reto inner join persona on nivel = curso inner join usuario using (id_usuario) where nombre_reto = 'RestoDiv' and nombre_usuario = 'Alumno12'),'2022-03-05 11:55:34',5,sec_to_time(78)),
((select id_usuario from usuario where nombre_usuario='Cbarrios'),(select id_reto from reto inner join persona on nivel = curso inner join usuario using (id_usuario) where nombre_reto = 'RestoDiv' and nombre_usuario = 'Cbarrios'),'2022-08-17 17:11:03',5,sec_to_time(55)),
((select id_usuario from usuario where nombre_usuario='Despinosa'),(select id_reto from reto inner join persona on nivel = curso inner join usuario using (id_usuario) where nombre_reto = 'RestoDiv' and nombre_usuario = 'Despinosa'),'2022-08-12 15:50:44',2,sec_to_time(43)),
((select id_usuario from usuario where nombre_usuario='Rgutierrez'),(select id_reto from reto inner join persona on nivel = curso inner join usuario using (id_usuario) where nombre_reto = 'RestoDiv' and nombre_usuario = 'Rgutierrez'),'2022-01-05 19:36:29',3,sec_to_time(30)),
((select id_usuario from usuario where nombre_usuario='Adiez'),(select id_reto from reto inner join persona on nivel = curso inner join usuario using (id_usuario) where nombre_reto = 'RestoDiv' and nombre_usuario = 'Adiez'),'2022-12-18 10:11:40',2,sec_to_time(55)),
((select id_usuario from usuario where nombre_usuario='Alumno1'),(select id_reto from reto inner join persona on nivel = curso inner join usuario using (id_usuario) where nombre_reto = 'RestoDiv' and nombre_usuario = 'Alumno1'),'2022-04-01 21:36:42',0,sec_to_time(50)),
((select id_usuario from usuario where nombre_usuario='Alumno2'),(select id_reto from reto inner join persona on nivel = curso inner join usuario using (id_usuario) where nombre_reto = 'RestoDiv' and nombre_usuario = 'Alumno2'),'2022-07-05 20:42:55',1,sec_to_time(67)),
((select id_usuario from usuario where nombre_usuario='Alumno3'),(select id_reto from reto inner join persona on nivel = curso inner join usuario using (id_usuario) where nombre_reto = 'RestoDiv' and nombre_usuario = 'Alumno3'),'2022-03-07 19:50:43',0,sec_to_time(26)),
((select id_usuario from usuario where nombre_usuario='Alumno4'),(select id_reto from reto inner join persona on nivel = curso inner join usuario using (id_usuario) where nombre_reto = 'RestoDiv' and nombre_usuario = 'Alumno4'),'2022-07-25 14:55:43',1,sec_to_time(53)),
((select id_usuario from usuario where nombre_usuario='Alumno5'),(select id_reto from reto inner join persona on nivel = curso inner join usuario using (id_usuario) where nombre_reto = 'RestoDiv' and nombre_usuario = 'Alumno5'),'2022-12-23 09:15:23',1,sec_to_time(62)),
((select id_usuario from usuario where nombre_usuario='Alumno6'),(select id_reto from reto inner join persona on nivel = curso inner join usuario using (id_usuario) where nombre_reto = 'RestoDiv' and nombre_usuario = 'Alumno6'),'2022-02-16 11:23:41',2,sec_to_time(59)),
((select id_usuario from usuario where nombre_usuario='Alumno7'),(select id_reto from reto inner join persona on nivel = curso inner join usuario using (id_usuario) where nombre_reto = 'RestoDiv' and nombre_usuario = 'Alumno7'),'2022-02-09 09:08:54',4,sec_to_time(73)),
((select id_usuario from usuario where nombre_usuario='Alumno8'),(select id_reto from reto inner join persona on nivel = curso inner join usuario using (id_usuario) where nombre_reto = 'RestoDiv' and nombre_usuario = 'Alumno8'),'2022-10-21 18:47:47',0,sec_to_time(64)),
((select id_usuario from usuario where nombre_usuario='Alumno9'),(select id_reto from reto inner join persona on nivel = curso inner join usuario using (id_usuario) where nombre_reto = 'RestoDiv' and nombre_usuario = 'Alumno9'),'2022-05-20 10:56:52',4,sec_to_time(53)),
((select id_usuario from usuario where nombre_usuario='Alumno10'),(select id_reto from reto inner join persona on nivel = curso inner join usuario using (id_usuario) where nombre_reto = 'RestoDiv' and nombre_usuario = 'Alumno10'),'2022-08-16 11:48:45',0,sec_to_time(34)),
((select id_usuario from usuario where nombre_usuario='Alumno11'),(select id_reto from reto inner join persona on nivel = curso inner join usuario using (id_usuario) where nombre_reto = 'RestoDiv' and nombre_usuario = 'Alumno11'),'2022-05-16 13:40:47',0,sec_to_time(38)),
((select id_usuario from usuario where nombre_usuario='Alumno12'),(select id_reto from reto inner join persona on nivel = curso inner join usuario using (id_usuario) where nombre_reto = 'RestoDiv' and nombre_usuario = 'Alumno12'),'2022-11-24 19:50:43',3,sec_to_time(43)),
((select id_usuario from usuario where nombre_usuario='Cbarrios'),(select id_reto from reto inner join persona on nivel = curso inner join usuario using (id_usuario) where nombre_reto = 'RestoDiv' and nombre_usuario = 'Cbarrios'),'2022-12-21 12:17:56',3,sec_to_time(38)),
((select id_usuario from usuario where nombre_usuario='Despinosa'),(select id_reto from reto inner join persona on nivel = curso inner join usuario using (id_usuario) where nombre_reto = 'RestoDiv' and nombre_usuario = 'Despinosa'),'2022-05-27 13:32:02',2,sec_to_time(76)),
((select id_usuario from usuario where nombre_usuario='Rgutierrez'),(select id_reto from reto inner join persona on nivel = curso inner join usuario using (id_usuario) where nombre_reto = 'RestoDiv' and nombre_usuario = 'Rgutierrez'),'2022-03-08 16:52:54',4,sec_to_time(48)),
((select id_usuario from usuario where nombre_usuario='Adiez'),(select id_reto from reto inner join persona on nivel = curso inner join usuario using (id_usuario) where nombre_reto = 'RestoDiv' and nombre_usuario = 'Adiez'),'2022-02-07 09:36:58',4,sec_to_time(75)),
((select id_usuario from usuario where nombre_usuario='Alumno1'),(select id_reto from reto inner join persona on nivel = curso inner join usuario using (id_usuario) where nombre_reto = 'RestoDiv' and nombre_usuario = 'Alumno1'),'2022-09-25 16:59:00',3,sec_to_time(59)),
((select id_usuario from usuario where nombre_usuario='Alumno2'),(select id_reto from reto inner join persona on nivel = curso inner join usuario using (id_usuario) where nombre_reto = 'RestoDiv' and nombre_usuario = 'Alumno2'),'2022-10-08 21:37:12',0,sec_to_time(46)),
((select id_usuario from usuario where nombre_usuario='Alumno3'),(select id_reto from reto inner join persona on nivel = curso inner join usuario using (id_usuario) where nombre_reto = 'RestoDiv' and nombre_usuario = 'Alumno3'),'2022-06-15 20:51:51',4,sec_to_time(29)),
((select id_usuario from usuario where nombre_usuario='Alumno4'),(select id_reto from reto inner join persona on nivel = curso inner join usuario using (id_usuario) where nombre_reto = 'RestoDiv' and nombre_usuario = 'Alumno4'),'2022-10-27 11:39:42',2,sec_to_time(72)),
((select id_usuario from usuario where nombre_usuario='Alumno5'),(select id_reto from reto inner join persona on nivel = curso inner join usuario using (id_usuario) where nombre_reto = 'RestoDiv' and nombre_usuario = 'Alumno5'),'2022-08-15 16:45:12',0,sec_to_time(72)),
((select id_usuario from usuario where nombre_usuario='Alumno6'),(select id_reto from reto inner join persona on nivel = curso inner join usuario using (id_usuario) where nombre_reto = 'RestoDiv' and nombre_usuario = 'Alumno6'),'2022-08-06 08:47:30',3,sec_to_time(67)),
((select id_usuario from usuario where nombre_usuario='Alumno7'),(select id_reto from reto inner join persona on nivel = curso inner join usuario using (id_usuario) where nombre_reto = 'RestoDiv' and nombre_usuario = 'Alumno7'),'2022-02-04 15:03:02',2,sec_to_time(70)),
((select id_usuario from usuario where nombre_usuario='Alumno8'),(select id_reto from reto inner join persona on nivel = curso inner join usuario using (id_usuario) where nombre_reto = 'RestoDiv' and nombre_usuario = 'Alumno8'),'2022-01-14 09:29:26',5,sec_to_time(73)),
((select id_usuario from usuario where nombre_usuario='Alumno9'),(select id_reto from reto inner join persona on nivel = curso inner join usuario using (id_usuario) where nombre_reto = 'RestoDiv' and nombre_usuario = 'Alumno9'),'2022-05-13 12:07:23',1,sec_to_time(39)),
((select id_usuario from usuario where nombre_usuario='Alumno10'),(select id_reto from reto inner join persona on nivel = curso inner join usuario using (id_usuario) where nombre_reto = 'RestoDiv' and nombre_usuario = 'Alumno10'),'2022-08-20 16:58:33',4,sec_to_time(77)),
((select id_usuario from usuario where nombre_usuario='Alumno11'),(select id_reto from reto inner join persona on nivel = curso inner join usuario using (id_usuario) where nombre_reto = 'RestoDiv' and nombre_usuario = 'Alumno11'),'2022-10-22 15:56:49',3,sec_to_time(48)),
((select id_usuario from usuario where nombre_usuario='Alumno12'),(select id_reto from reto inner join persona on nivel = curso inner join usuario using (id_usuario) where nombre_reto = 'RestoDiv' and nombre_usuario = 'Alumno12'),'2022-03-07 16:09:48',4,sec_to_time(35)),
((select id_usuario from usuario where nombre_usuario='Cbarrios'),(select id_reto from reto inner join persona on nivel = curso inner join usuario using (id_usuario) where nombre_reto = 'RestoDiv' and nombre_usuario = 'Cbarrios'),'2023-01-04 13:06:50',5,sec_to_time(40)),
((select id_usuario from usuario where nombre_usuario='Despinosa'),(select id_reto from reto inner join persona on nivel = curso inner join usuario using (id_usuario) where nombre_reto = 'RestoDiv' and nombre_usuario = 'Despinosa'),'2023-01-05 11:25:17',2,sec_to_time(44)),
((select id_usuario from usuario where nombre_usuario='Rgutierrez'),(select id_reto from reto inner join persona on nivel = curso inner join usuario using (id_usuario) where nombre_reto = 'RestoDiv' and nombre_usuario = 'Rgutierrez'),'2023-01-13 14:37:47',3,sec_to_time(41)),
((select id_usuario from usuario where nombre_usuario='Adiez'),(select id_reto from reto inner join persona on nivel = curso inner join usuario using (id_usuario) where nombre_reto = 'RestoDiv' and nombre_usuario = 'Adiez'),'2023-02-25 18:04:35',2,sec_to_time(40)),
((select id_usuario from usuario where nombre_usuario='Alumno1'),(select id_reto from reto inner join persona on nivel = curso inner join usuario using (id_usuario) where nombre_reto = 'RestoDiv' and nombre_usuario = 'Alumno1'),'2023-03-04 10:20:55',3,sec_to_time(70)),
((select id_usuario from usuario where nombre_usuario='Alumno2'),(select id_reto from reto inner join persona on nivel = curso inner join usuario using (id_usuario) where nombre_reto = 'RestoDiv' and nombre_usuario = 'Alumno2'),'2023-01-03 11:56:32',2,sec_to_time(56)),
((select id_usuario from usuario where nombre_usuario='Alumno3'),(select id_reto from reto inner join persona on nivel = curso inner join usuario using (id_usuario) where nombre_reto = 'RestoDiv' and nombre_usuario = 'Alumno3'),'2023-03-04 16:53:57',3,sec_to_time(60)),
((select id_usuario from usuario where nombre_usuario='Alumno4'),(select id_reto from reto inner join persona on nivel = curso inner join usuario using (id_usuario) where nombre_reto = 'RestoDiv' and nombre_usuario = 'Alumno4'),'2023-02-25 14:02:31',1,sec_to_time(38)),
((select id_usuario from usuario where nombre_usuario='Alumno5'),(select id_reto from reto inner join persona on nivel = curso inner join usuario using (id_usuario) where nombre_reto = 'RestoDiv' and nombre_usuario = 'Alumno5'),'2023-03-19 13:20:17',5,sec_to_time(35)),
((select id_usuario from usuario where nombre_usuario='Alumno6'),(select id_reto from reto inner join persona on nivel = curso inner join usuario using (id_usuario) where nombre_reto = 'RestoDiv' and nombre_usuario = 'Alumno6'),'2023-02-13 09:36:59',5,sec_to_time(36)),
((select id_usuario from usuario where nombre_usuario='Alumno7'),(select id_reto from reto inner join persona on nivel = curso inner join usuario using (id_usuario) where nombre_reto = 'RestoDiv' and nombre_usuario = 'Alumno7'),'2023-02-15 10:51:34',1,sec_to_time(48)),
((select id_usuario from usuario where nombre_usuario='Alumno8'),(select id_reto from reto inner join persona on nivel = curso inner join usuario using (id_usuario) where nombre_reto = 'RestoDiv' and nombre_usuario = 'Alumno8'),'2023-03-17 14:46:51',4,sec_to_time(77)),
((select id_usuario from usuario where nombre_usuario='Alumno9'),(select id_reto from reto inner join persona on nivel = curso inner join usuario using (id_usuario) where nombre_reto = 'RestoDiv' and nombre_usuario = 'Alumno9'),'2023-01-17 15:40:44',2,sec_to_time(58)),
((select id_usuario from usuario where nombre_usuario='Alumno10'),(select id_reto from reto inner join persona on nivel = curso inner join usuario using (id_usuario) where nombre_reto = 'RestoDiv' and nombre_usuario = 'Alumno10'),'2023-02-06 19:43:08',4,sec_to_time(68)),
((select id_usuario from usuario where nombre_usuario='Alumno11'),(select id_reto from reto inner join persona on nivel = curso inner join usuario using (id_usuario) where nombre_reto = 'RestoDiv' and nombre_usuario = 'Alumno11'),'2023-02-11 19:47:48',2,sec_to_time(41)),
((select id_usuario from usuario where nombre_usuario='Alumno12'),(select id_reto from reto inner join persona on nivel = curso inner join usuario using (id_usuario) where nombre_reto = 'RestoDiv' and nombre_usuario = 'Alumno12'),'2023-02-17 18:40:26',0,sec_to_time(80)),
((select id_usuario from usuario where nombre_usuario='Cbarrios'),(select id_reto from reto inner join persona on nivel = curso inner join usuario using (id_usuario) where nombre_reto = 'RestoDiv' and nombre_usuario = 'Cbarrios'),'2023-03-22 08:53:23',3,sec_to_time(52)),
((select id_usuario from usuario where nombre_usuario='Despinosa'),(select id_reto from reto inner join persona on nivel = curso inner join usuario using (id_usuario) where nombre_reto = 'RestoDiv' and nombre_usuario = 'Despinosa'),'2023-01-02 09:20:52',4,sec_to_time(64)),
((select id_usuario from usuario where nombre_usuario='Rgutierrez'),(select id_reto from reto inner join persona on nivel = curso inner join usuario using (id_usuario) where nombre_reto = 'RestoDiv' and nombre_usuario = 'Rgutierrez'),'2023-01-15 09:22:17',2,sec_to_time(75)),
((select id_usuario from usuario where nombre_usuario='Adiez'),(select id_reto from reto inner join persona on nivel = curso inner join usuario using (id_usuario) where nombre_reto = 'RestoDiv' and nombre_usuario = 'Adiez'),'2023-01-18 21:13:45',5,sec_to_time(69)),
((select id_usuario from usuario where nombre_usuario='Alumno1'),(select id_reto from reto inner join persona on nivel = curso inner join usuario using (id_usuario) where nombre_reto = 'RestoDiv' and nombre_usuario = 'Alumno1'),'2023-01-11 08:09:51',3,sec_to_time(69)),
((select id_usuario from usuario where nombre_usuario='Alumno2'),(select id_reto from reto inner join persona on nivel = curso inner join usuario using (id_usuario) where nombre_reto = 'RestoDiv' and nombre_usuario = 'Alumno2'),'2023-03-14 08:07:48',2,sec_to_time(51)),
((select id_usuario from usuario where nombre_usuario='Alumno3'),(select id_reto from reto inner join persona on nivel = curso inner join usuario using (id_usuario) where nombre_reto = 'RestoDiv' and nombre_usuario = 'Alumno3'),'2023-03-03 12:56:25',4,sec_to_time(31)),
((select id_usuario from usuario where nombre_usuario='Alumno4'),(select id_reto from reto inner join persona on nivel = curso inner join usuario using (id_usuario) where nombre_reto = 'RestoDiv' and nombre_usuario = 'Alumno4'),'2023-02-22 14:20:12',0,sec_to_time(57)),
((select id_usuario from usuario where nombre_usuario='Alumno5'),(select id_reto from reto inner join persona on nivel = curso inner join usuario using (id_usuario) where nombre_reto = 'RestoDiv' and nombre_usuario = 'Alumno5'),'2023-01-25 20:24:00',2,sec_to_time(41)),
((select id_usuario from usuario where nombre_usuario='Alumno6'),(select id_reto from reto inner join persona on nivel = curso inner join usuario using (id_usuario) where nombre_reto = 'RestoDiv' and nombre_usuario = 'Alumno6'),'2023-02-07 13:23:29',5,sec_to_time(80)),
((select id_usuario from usuario where nombre_usuario='Alumno7'),(select id_reto from reto inner join persona on nivel = curso inner join usuario using (id_usuario) where nombre_reto = 'RestoDiv' and nombre_usuario = 'Alumno7'),'2023-03-23 17:16:31',5,sec_to_time(68)),
((select id_usuario from usuario where nombre_usuario='Alumno8'),(select id_reto from reto inner join persona on nivel = curso inner join usuario using (id_usuario) where nombre_reto = 'RestoDiv' and nombre_usuario = 'Alumno8'),'2023-03-21 10:13:08',1,sec_to_time(70)),
((select id_usuario from usuario where nombre_usuario='Alumno9'),(select id_reto from reto inner join persona on nivel = curso inner join usuario using (id_usuario) where nombre_reto = 'RestoDiv' and nombre_usuario = 'Alumno9'),'2023-03-28 20:19:49',2,sec_to_time(69)),
((select id_usuario from usuario where nombre_usuario='Alumno10'),(select id_reto from reto inner join persona on nivel = curso inner join usuario using (id_usuario) where nombre_reto = 'RestoDiv' and nombre_usuario = 'Alumno10'),'2023-02-06 08:13:25',3,sec_to_time(76)),
((select id_usuario from usuario where nombre_usuario='Alumno11'),(select id_reto from reto inner join persona on nivel = curso inner join usuario using (id_usuario) where nombre_reto = 'RestoDiv' and nombre_usuario = 'Alumno11'),'2023-01-17 13:58:43',1,sec_to_time(44)),
((select id_usuario from usuario where nombre_usuario='Alumno12'),(select id_reto from reto inner join persona on nivel = curso inner join usuario using (id_usuario) where nombre_reto = 'RestoDiv' and nombre_usuario = 'Alumno12'),'2023-03-28 14:13:25',3,sec_to_time(75)),
((select id_usuario from usuario where nombre_usuario='Cbarrios'),(select id_reto from reto inner join persona on nivel = curso inner join usuario using (id_usuario) where nombre_reto = 'RestoDiv' and nombre_usuario = 'Cbarrios'),'2023-03-01 08:26:00',5,sec_to_time(57)),
((select id_usuario from usuario where nombre_usuario='Despinosa'),(select id_reto from reto inner join persona on nivel = curso inner join usuario using (id_usuario) where nombre_reto = 'RestoDiv' and nombre_usuario = 'Despinosa'),'2023-03-16 20:47:40',2,sec_to_time(40)),
((select id_usuario from usuario where nombre_usuario='Rgutierrez'),(select id_reto from reto inner join persona on nivel = curso inner join usuario using (id_usuario) where nombre_reto = 'RestoDiv' and nombre_usuario = 'Rgutierrez'),'2023-01-08 15:51:46',4,sec_to_time(66)),
((select id_usuario from usuario where nombre_usuario='Adiez'),(select id_reto from reto inner join persona on nivel = curso inner join usuario using (id_usuario) where nombre_reto = 'RestoDiv' and nombre_usuario = 'Adiez'),'2023-03-25 19:48:45',0,sec_to_time(32)),
((select id_usuario from usuario where nombre_usuario='Alumno1'),(select id_reto from reto inner join persona on nivel = curso inner join usuario using (id_usuario) where nombre_reto = 'RestoDiv' and nombre_usuario = 'Alumno1'),'2023-02-24 15:24:12',3,sec_to_time(49)),
((select id_usuario from usuario where nombre_usuario='Alumno2'),(select id_reto from reto inner join persona on nivel = curso inner join usuario using (id_usuario) where nombre_reto = 'RestoDiv' and nombre_usuario = 'Alumno2'),'2023-03-09 21:27:17',0,sec_to_time(46)),
((select id_usuario from usuario where nombre_usuario='Alumno3'),(select id_reto from reto inner join persona on nivel = curso inner join usuario using (id_usuario) where nombre_reto = 'RestoDiv' and nombre_usuario = 'Alumno3'),'2023-02-11 14:44:57',5,sec_to_time(55)),
((select id_usuario from usuario where nombre_usuario='Alumno4'),(select id_reto from reto inner join persona on nivel = curso inner join usuario using (id_usuario) where nombre_reto = 'RestoDiv' and nombre_usuario = 'Alumno4'),'2023-01-19 20:58:13',5,sec_to_time(62)),
((select id_usuario from usuario where nombre_usuario='Alumno5'),(select id_reto from reto inner join persona on nivel = curso inner join usuario using (id_usuario) where nombre_reto = 'RestoDiv' and nombre_usuario = 'Alumno5'),'2023-01-02 16:30:43',3,sec_to_time(66)),
((select id_usuario from usuario where nombre_usuario='Alumno6'),(select id_reto from reto inner join persona on nivel = curso inner join usuario using (id_usuario) where nombre_reto = 'RestoDiv' and nombre_usuario = 'Alumno6'),'2023-03-19 08:56:00',2,sec_to_time(52)),
((select id_usuario from usuario where nombre_usuario='Alumno7'),(select id_reto from reto inner join persona on nivel = curso inner join usuario using (id_usuario) where nombre_reto = 'RestoDiv' and nombre_usuario = 'Alumno7'),'2023-02-10 12:32:31',5,sec_to_time(60)),
((select id_usuario from usuario where nombre_usuario='Alumno8'),(select id_reto from reto inner join persona on nivel = curso inner join usuario using (id_usuario) where nombre_reto = 'RestoDiv' and nombre_usuario = 'Alumno8'),'2023-02-21 20:23:45',5,sec_to_time(39)),
((select id_usuario from usuario where nombre_usuario='Alumno9'),(select id_reto from reto inner join persona on nivel = curso inner join usuario using (id_usuario) where nombre_reto = 'RestoDiv' and nombre_usuario = 'Alumno9'),'2023-03-05 15:36:57',1,sec_to_time(60)),
((select id_usuario from usuario where nombre_usuario='Alumno10'),(select id_reto from reto inner join persona on nivel = curso inner join usuario using (id_usuario) where nombre_reto = 'RestoDiv' and nombre_usuario = 'Alumno10'),'2023-03-18 17:14:15',1,sec_to_time(58)),
((select id_usuario from usuario where nombre_usuario='Alumno11'),(select id_reto from reto inner join persona on nivel = curso inner join usuario using (id_usuario) where nombre_reto = 'RestoDiv' and nombre_usuario = 'Alumno11'),'2023-02-25 21:42:54',0,sec_to_time(61)),
((select id_usuario from usuario where nombre_usuario='Alumno12'),(select id_reto from reto inner join persona on nivel = curso inner join usuario using (id_usuario) where nombre_reto = 'RestoDiv' and nombre_usuario = 'Alumno12'),'2023-03-24 08:49:37',1,sec_to_time(80));