use BBDD;
insert into usuario (nombre_usuario,contrasena,alias) values
('Cbarrios',md5(12345),'AliasKaren'),
('Despinosa',md5(12345),'AliasDaniel'),
('Rgutierrez',md5(12345),'AliasRa'),
('Adiez',md5(12345),'TerciodeMarte'),
('Amartinez',md5(12345),'AliasAmartinez'),
('Alumno1',md5(12345),'AliasAl1'),
('Alumno2',md5(12345),'AliasAl2'),
('Alumno3',md5(12345),'AliasAl3'),
('Alumno4',md5(12345),'AliasAl4'),
('Alumno5',md5(12345),'AliasAl5'),
('Alumno6',md5(12345),'AliasAl6'),
('Alumno7',md5(12345),'AliasAl7'),
('Alumno8',md5(12345),'AliasAl8'),
('Alumno9',md5(12345),'AliasAl9'),
('Alumno10',md5(12345),'AliasAl10'),
('Alumno11',md5(12346),'AliasAl11'),
('Alumno12',md5(12347),'AliasAl12');

insert into persona(id_usuario,nombre,apellido1,apellido2,dni,curso,fecha_naci,profesor,email) values
((select id_usuario from usuario where nombre_usuario='Cbarrios'),'Carmen','Barrios','Fernández','12345678T',1,20000419,0,'123@asd.es'),
((select id_usuario from usuario where nombre_usuario='Despinosa'),'Daniel','Espinosa','García','98765432F',2,19830409,0,'987@asd.es'),
((select id_usuario from usuario where nombre_usuario='Rgutierrez'),'Ramiro','Gutierrez','Valverde','23456789F',3,20001213,0,'234@asd.es'),
((select id_usuario from usuario where nombre_usuario='Adiez'),'Albano','Díez','Paulino','87654321Z',4,20000818,0,'876@asd.es'),
((select id_usuario from usuario where nombre_usuario='Amartinez'),'Andrés','Martínez','González','45678932L',1,19950507,1,'amg456@gmail.com'),
((select id_usuario from usuario where nombre_usuario='Alumno1'),'NomAlumno1','Ap1Alumno1','Ap2Alumno1','12345678A',1,19840315,0,'email1@email.es'),
((select id_usuario from usuario where nombre_usuario='Alumno2'),'NomAlumno2','Ap1Alumno2','Ap2Alumno2','12345678B',2,19830409,0,'email2@email.es'),
((select id_usuario from usuario where nombre_usuario='Alumno3'),'NomAlumno3','Ap1Alumno3','Ap2Alumno3','12345678C',3,19990112,0,'email3@email.es'),
((select id_usuario from usuario where nombre_usuario='Alumno4'),'NomAlumno4','Ap1Alumno4','Ap2Alumno4','12345678D',4,20000213,0,'email4@email.es'),
((select id_usuario from usuario where nombre_usuario='Alumno5'),'NomAlumno5','Ap1Alumno5','Ap2Alumno5','12345678E',1,20000314,0,'email5@email.es'),
((select id_usuario from usuario where nombre_usuario='Alumno6'),'NomAlumno6','Ap1Alumno6','Ap2Alumno6','12345678F',2,20000415,0,'email6@email.es'),
((select id_usuario from usuario where nombre_usuario='Alumno7'),'NomAlumno7','Ap1Alumno7','Ap2Alumno7','12345678G',3,20000516,0,'email7@email.es'),
((select id_usuario from usuario where nombre_usuario='Alumno8'),'NomAlumno8','Ap1Alumno8','Ap2Alumno8','12345678H',4,20000617,0,'email8@email.es'),
((select id_usuario from usuario where nombre_usuario='Alumno9'),'NomAlumno9','Ap1Alumno9','Ap2Alumno9','12345678I',1,20000718,0,'email9@email.es'),
((select id_usuario from usuario where nombre_usuario='Alumno10'),'NomAlumno10','Ap1Alumno10','Ap2Alumno10','12345678J',2,20000819,0,'email10@email.es'),
((select id_usuario from usuario where nombre_usuario='Alumno11'),'NomAlumno11','Ap1Alumno11','Ap2Alumno11','12345678K',3,20000920,0,'email11@email.es'),
((select id_usuario from usuario where nombre_usuario='Alumno12'),'NomAlumno12','Ap1Alumno12','Ap2Alumno12','12345678L',4,20001021,0,'email12@email.es');

insert into ajuste (usuario,sonido) values
((select id_usuario from usuario where nombre_usuario='Cbarrios'),0),
((select id_usuario from usuario where nombre_usuario='Despinosa'),0),
((select id_usuario from usuario where nombre_usuario='Rgutierrez'),0),
((select id_usuario from usuario where nombre_usuario='Adiez'),0),
((select id_usuario from usuario where nombre_usuario='Amartinez'),0),
((select id_usuario from usuario where nombre_usuario='Alumno1'),0),
((select id_usuario from usuario where nombre_usuario='Alumno2'),0),
((select id_usuario from usuario where nombre_usuario='Alumno3'),0),
((select id_usuario from usuario where nombre_usuario='Alumno4'),0),
((select id_usuario from usuario where nombre_usuario='Alumno5'),0),
((select id_usuario from usuario where nombre_usuario='Alumno6'),0),
((select id_usuario from usuario where nombre_usuario='Alumno7'),0),
((select id_usuario from usuario where nombre_usuario='Alumno8'),0),
((select id_usuario from usuario where nombre_usuario='Alumno9'),0),
((select id_usuario from usuario where nombre_usuario='Alumno10'),0),
((select id_usuario from usuario where nombre_usuario='Alumno11'),0),
((select id_usuario from usuario where nombre_usuario='Alumno12'),0);


insert into reto (nombre_reto,nivel) values
('calculo',1),
('calculo',2),
('calculo',3),
('calculo',4),
('euclides',1),
('euclides',2),
('euclides',3),
('euclides',4),
('resto_div',1),
('resto_div',2),
('resto_div',3),
('resto_div',4);

-- Generados aleatoriamente datos para la tabla calculo.
insert into calculo(jugador,reto,fecha_hora,aciertos,tiempo_partida) values
((select id_usuario from usuario where nombre_usuario='Cbarrios'),(select id_reto from reto inner join persona on nivel = curso inner join usuario using (id_usuario) where nombre_reto = 'calculo' and nombre_usuario = 'Cbarrios'),'2023-03-23 15:09:30',17,sec_to_time(131)),
((select id_usuario from usuario where nombre_usuario='Despinosa'),(select id_reto from reto inner join persona on nivel = curso inner join usuario using (id_usuario) where nombre_reto = 'calculo' and nombre_usuario = 'Despinosa'),'2023-03-08 14:22:42',23,sec_to_time(144)),
((select id_usuario from usuario where nombre_usuario='Rgutierrez'),(select id_reto from reto inner join persona on nivel = curso inner join usuario using (id_usuario) where nombre_reto = 'calculo' and nombre_usuario = 'Rgutierrez'),'2023-02-05 12:58:19',23,sec_to_time(139)),
((select id_usuario from usuario where nombre_usuario='Adiez'),(select id_reto from reto inner join persona on nivel = curso inner join usuario using (id_usuario) where nombre_reto = 'calculo' and nombre_usuario = 'Adiez'),'2023-01-11 15:55:01',8,sec_to_time(159)),
((select id_usuario from usuario where nombre_usuario='Alumno1'),(select id_reto from reto inner join persona on nivel = curso inner join usuario using (id_usuario) where nombre_reto = 'calculo' and nombre_usuario = 'Alumno1'),'2023-01-23 10:13:35',12,sec_to_time(95)),
((select id_usuario from usuario where nombre_usuario='Alumno2'),(select id_reto from reto inner join persona on nivel = curso inner join usuario using (id_usuario) where nombre_reto = 'calculo' and nombre_usuario = 'Alumno2'),'2023-03-21 21:38:11',20,sec_to_time(128)),
((select id_usuario from usuario where nombre_usuario='Alumno3'),(select id_reto from reto inner join persona on nivel = curso inner join usuario using (id_usuario) where nombre_reto = 'calculo' and nombre_usuario = 'Alumno3'),'2023-03-19 08:34:31',12,sec_to_time(76)),
((select id_usuario from usuario where nombre_usuario='Alumno4'),(select id_reto from reto inner join persona on nivel = curso inner join usuario using (id_usuario) where nombre_reto = 'calculo' and nombre_usuario = 'Alumno4'),'2023-03-21 10:21:08',10,sec_to_time(157)),
((select id_usuario from usuario where nombre_usuario='Alumno5'),(select id_reto from reto inner join persona on nivel = curso inner join usuario using (id_usuario) where nombre_reto = 'calculo' and nombre_usuario = 'Alumno5'),'2023-03-19 13:59:31',2,sec_to_time(79)),
((select id_usuario from usuario where nombre_usuario='Alumno6'),(select id_reto from reto inner join persona on nivel = curso inner join usuario using (id_usuario) where nombre_reto = 'calculo' and nombre_usuario = 'Alumno6'),'2023-03-08 11:21:41',1,sec_to_time(83)),
((select id_usuario from usuario where nombre_usuario='Alumno7'),(select id_reto from reto inner join persona on nivel = curso inner join usuario using (id_usuario) where nombre_reto = 'calculo' and nombre_usuario = 'Alumno7'),'2023-03-11 12:24:01',25,sec_to_time(89)),
((select id_usuario from usuario where nombre_usuario='Alumno8'),(select id_reto from reto inner join persona on nivel = curso inner join usuario using (id_usuario) where nombre_reto = 'calculo' and nombre_usuario = 'Alumno8'),'2023-02-26 09:10:08',20,sec_to_time(156)),
((select id_usuario from usuario where nombre_usuario='Alumno9'),(select id_reto from reto inner join persona on nivel = curso inner join usuario using (id_usuario) where nombre_reto = 'calculo' and nombre_usuario = 'Alumno9'),'2023-03-08 17:21:18',22,sec_to_time(86)),
((select id_usuario from usuario where nombre_usuario='Alumno10'),(select id_reto from reto inner join persona on nivel = curso inner join usuario using (id_usuario) where nombre_reto = 'calculo' and nombre_usuario = 'Alumno10'),'2023-03-04 10:32:57',8,sec_to_time(119)),
((select id_usuario from usuario where nombre_usuario='Alumno11'),(select id_reto from reto inner join persona on nivel = curso inner join usuario using (id_usuario) where nombre_reto = 'calculo' and nombre_usuario = 'Alumno11'),'2023-03-26 12:07:00',6,sec_to_time(136)),
((select id_usuario from usuario where nombre_usuario='Alumno12'),(select id_reto from reto inner join persona on nivel = curso inner join usuario using (id_usuario) where nombre_reto = 'calculo' and nombre_usuario = 'Alumno12'),'2023-01-10 12:38:50',14,sec_to_time(60)),
((select id_usuario from usuario where nombre_usuario='Cbarrios'),(select id_reto from reto inner join persona on nivel = curso inner join usuario using (id_usuario) where nombre_reto = 'calculo' and nombre_usuario = 'Cbarrios'),'2023-02-21 14:11:16',4,sec_to_time(89)),
((select id_usuario from usuario where nombre_usuario='Despinosa'),(select id_reto from reto inner join persona on nivel = curso inner join usuario using (id_usuario) where nombre_reto = 'calculo' and nombre_usuario = 'Despinosa'),'2023-02-01 16:55:51',3,sec_to_time(111)),
((select id_usuario from usuario where nombre_usuario='Rgutierrez'),(select id_reto from reto inner join persona on nivel = curso inner join usuario using (id_usuario) where nombre_reto = 'calculo' and nombre_usuario = 'Rgutierrez'),'2023-02-08 13:45:51',10,sec_to_time(153)),
((select id_usuario from usuario where nombre_usuario='Adiez'),(select id_reto from reto inner join persona on nivel = curso inner join usuario using (id_usuario) where nombre_reto = 'calculo' and nombre_usuario = 'Adiez'),'2023-03-18 21:56:47',6,sec_to_time(143)),
((select id_usuario from usuario where nombre_usuario='Alumno1'),(select id_reto from reto inner join persona on nivel = curso inner join usuario using (id_usuario) where nombre_reto = 'calculo' and nombre_usuario = 'Alumno1'),'2023-02-23 17:09:56',17,sec_to_time(77)),
((select id_usuario from usuario where nombre_usuario='Alumno2'),(select id_reto from reto inner join persona on nivel = curso inner join usuario using (id_usuario) where nombre_reto = 'calculo' and nombre_usuario = 'Alumno2'),'2023-02-27 10:56:26',2,sec_to_time(130)),
((select id_usuario from usuario where nombre_usuario='Alumno3'),(select id_reto from reto inner join persona on nivel = curso inner join usuario using (id_usuario) where nombre_reto = 'calculo' and nombre_usuario = 'Alumno3'),'2023-03-28 13:07:20',12,sec_to_time(146)),
((select id_usuario from usuario where nombre_usuario='Alumno4'),(select id_reto from reto inner join persona on nivel = curso inner join usuario using (id_usuario) where nombre_reto = 'calculo' and nombre_usuario = 'Alumno4'),'2023-02-11 20:04:21',14,sec_to_time(100)),
((select id_usuario from usuario where nombre_usuario='Alumno5'),(select id_reto from reto inner join persona on nivel = curso inner join usuario using (id_usuario) where nombre_reto = 'calculo' and nombre_usuario = 'Alumno5'),'2023-03-04 12:18:41',23,sec_to_time(62)),
((select id_usuario from usuario where nombre_usuario='Alumno6'),(select id_reto from reto inner join persona on nivel = curso inner join usuario using (id_usuario) where nombre_reto = 'calculo' and nombre_usuario = 'Alumno6'),'2023-03-11 19:57:56',3,sec_to_time(142)),
((select id_usuario from usuario where nombre_usuario='Alumno7'),(select id_reto from reto inner join persona on nivel = curso inner join usuario using (id_usuario) where nombre_reto = 'calculo' and nombre_usuario = 'Alumno7'),'2023-01-13 09:36:46',11,sec_to_time(94)),
((select id_usuario from usuario where nombre_usuario='Alumno8'),(select id_reto from reto inner join persona on nivel = curso inner join usuario using (id_usuario) where nombre_reto = 'calculo' and nombre_usuario = 'Alumno8'),'2023-03-10 11:12:15',23,sec_to_time(71)),
((select id_usuario from usuario where nombre_usuario='Alumno9'),(select id_reto from reto inner join persona on nivel = curso inner join usuario using (id_usuario) where nombre_reto = 'calculo' and nombre_usuario = 'Alumno9'),'2023-01-23 12:08:56',12,sec_to_time(104)),
((select id_usuario from usuario where nombre_usuario='Alumno10'),(select id_reto from reto inner join persona on nivel = curso inner join usuario using (id_usuario) where nombre_reto = 'calculo' and nombre_usuario = 'Alumno10'),'2023-02-19 13:16:25',7,sec_to_time(158)),
((select id_usuario from usuario where nombre_usuario='Alumno11'),(select id_reto from reto inner join persona on nivel = curso inner join usuario using (id_usuario) where nombre_reto = 'calculo' and nombre_usuario = 'Alumno11'),'2023-01-23 21:10:53',2,sec_to_time(126)),
((select id_usuario from usuario where nombre_usuario='Alumno12'),(select id_reto from reto inner join persona on nivel = curso inner join usuario using (id_usuario) where nombre_reto = 'calculo' and nombre_usuario = 'Alumno12'),'2023-03-14 19:20:40',9,sec_to_time(71)),
((select id_usuario from usuario where nombre_usuario='Cbarrios'),(select id_reto from reto inner join persona on nivel = curso inner join usuario using (id_usuario) where nombre_reto = 'calculo' and nombre_usuario = 'Cbarrios'),'2023-02-05 17:43:00',12,sec_to_time(119)),
((select id_usuario from usuario where nombre_usuario='Despinosa'),(select id_reto from reto inner join persona on nivel = curso inner join usuario using (id_usuario) where nombre_reto = 'calculo' and nombre_usuario = 'Despinosa'),'2023-01-06 19:11:37',5,sec_to_time(157)),
((select id_usuario from usuario where nombre_usuario='Rgutierrez'),(select id_reto from reto inner join persona on nivel = curso inner join usuario using (id_usuario) where nombre_reto = 'calculo' and nombre_usuario = 'Rgutierrez'),'2023-02-05 09:21:30',1,sec_to_time(136)),
((select id_usuario from usuario where nombre_usuario='Adiez'),(select id_reto from reto inner join persona on nivel = curso inner join usuario using (id_usuario) where nombre_reto = 'calculo' and nombre_usuario = 'Adiez'),'2023-01-15 18:31:18',22,sec_to_time(104)),
((select id_usuario from usuario where nombre_usuario='Alumno1'),(select id_reto from reto inner join persona on nivel = curso inner join usuario using (id_usuario) where nombre_reto = 'calculo' and nombre_usuario = 'Alumno1'),'2023-03-21 16:55:08',7,sec_to_time(117)),
((select id_usuario from usuario where nombre_usuario='Alumno2'),(select id_reto from reto inner join persona on nivel = curso inner join usuario using (id_usuario) where nombre_reto = 'calculo' and nombre_usuario = 'Alumno2'),'2023-01-13 08:37:11',23,sec_to_time(72)),
((select id_usuario from usuario where nombre_usuario='Alumno3'),(select id_reto from reto inner join persona on nivel = curso inner join usuario using (id_usuario) where nombre_reto = 'calculo' and nombre_usuario = 'Alumno3'),'2023-02-10 21:24:35',21,sec_to_time(72)),
((select id_usuario from usuario where nombre_usuario='Alumno4'),(select id_reto from reto inner join persona on nivel = curso inner join usuario using (id_usuario) where nombre_reto = 'calculo' and nombre_usuario = 'Alumno4'),'2023-01-14 18:34:00',17,sec_to_time(74)),
((select id_usuario from usuario where nombre_usuario='Alumno5'),(select id_reto from reto inner join persona on nivel = curso inner join usuario using (id_usuario) where nombre_reto = 'calculo' and nombre_usuario = 'Alumno5'),'2023-03-15 17:13:04',7,sec_to_time(122)),
((select id_usuario from usuario where nombre_usuario='Alumno6'),(select id_reto from reto inner join persona on nivel = curso inner join usuario using (id_usuario) where nombre_reto = 'calculo' and nombre_usuario = 'Alumno6'),'2023-03-20 13:10:43',21,sec_to_time(106)),
((select id_usuario from usuario where nombre_usuario='Alumno7'),(select id_reto from reto inner join persona on nivel = curso inner join usuario using (id_usuario) where nombre_reto = 'calculo' and nombre_usuario = 'Alumno7'),'2023-01-16 19:01:11',25,sec_to_time(120)),
((select id_usuario from usuario where nombre_usuario='Alumno8'),(select id_reto from reto inner join persona on nivel = curso inner join usuario using (id_usuario) where nombre_reto = 'calculo' and nombre_usuario = 'Alumno8'),'2023-02-09 10:24:18',6,sec_to_time(151)),
((select id_usuario from usuario where nombre_usuario='Alumno9'),(select id_reto from reto inner join persona on nivel = curso inner join usuario using (id_usuario) where nombre_reto = 'calculo' and nombre_usuario = 'Alumno9'),'2023-02-17 12:52:52',18,sec_to_time(105)),
((select id_usuario from usuario where nombre_usuario='Alumno10'),(select id_reto from reto inner join persona on nivel = curso inner join usuario using (id_usuario) where nombre_reto = 'calculo' and nombre_usuario = 'Alumno10'),'2023-01-25 19:28:19',9,sec_to_time(135)),
((select id_usuario from usuario where nombre_usuario='Alumno11'),(select id_reto from reto inner join persona on nivel = curso inner join usuario using (id_usuario) where nombre_reto = 'calculo' and nombre_usuario = 'Alumno11'),'2023-01-27 20:52:39',9,sec_to_time(64)),
((select id_usuario from usuario where nombre_usuario='Alumno12'),(select id_reto from reto inner join persona on nivel = curso inner join usuario using (id_usuario) where nombre_reto = 'calculo' and nombre_usuario = 'Alumno12'),'2023-01-21 10:25:49',9,sec_to_time(118)),
((select id_usuario from usuario where nombre_usuario='Cbarrios'),(select id_reto from reto inner join persona on nivel = curso inner join usuario using (id_usuario) where nombre_reto = 'calculo' and nombre_usuario = 'Cbarrios'),'2023-02-10 21:45:58',10,sec_to_time(86)),
((select id_usuario from usuario where nombre_usuario='Despinosa'),(select id_reto from reto inner join persona on nivel = curso inner join usuario using (id_usuario) where nombre_reto = 'calculo' and nombre_usuario = 'Despinosa'),'2023-02-11 21:55:07',25,sec_to_time(157)),
((select id_usuario from usuario where nombre_usuario='Rgutierrez'),(select id_reto from reto inner join persona on nivel = curso inner join usuario using (id_usuario) where nombre_reto = 'calculo' and nombre_usuario = 'Rgutierrez'),'2023-01-11 10:30:14',5,sec_to_time(129)),
((select id_usuario from usuario where nombre_usuario='Adiez'),(select id_reto from reto inner join persona on nivel = curso inner join usuario using (id_usuario) where nombre_reto = 'calculo' and nombre_usuario = 'Adiez'),'2023-03-27 14:32:28',14,sec_to_time(88)),
((select id_usuario from usuario where nombre_usuario='Alumno1'),(select id_reto from reto inner join persona on nivel = curso inner join usuario using (id_usuario) where nombre_reto = 'calculo' and nombre_usuario = 'Alumno1'),'2023-01-13 14:32:46',10,sec_to_time(134)),
((select id_usuario from usuario where nombre_usuario='Alumno2'),(select id_reto from reto inner join persona on nivel = curso inner join usuario using (id_usuario) where nombre_reto = 'calculo' and nombre_usuario = 'Alumno2'),'2023-02-21 11:30:25',15,sec_to_time(115)),
((select id_usuario from usuario where nombre_usuario='Alumno3'),(select id_reto from reto inner join persona on nivel = curso inner join usuario using (id_usuario) where nombre_reto = 'calculo' and nombre_usuario = 'Alumno3'),'2023-01-03 12:25:59',6,sec_to_time(74)),
((select id_usuario from usuario where nombre_usuario='Alumno4'),(select id_reto from reto inner join persona on nivel = curso inner join usuario using (id_usuario) where nombre_reto = 'calculo' and nombre_usuario = 'Alumno4'),'2023-02-09 21:33:51',25,sec_to_time(116)),
((select id_usuario from usuario where nombre_usuario='Alumno5'),(select id_reto from reto inner join persona on nivel = curso inner join usuario using (id_usuario) where nombre_reto = 'calculo' and nombre_usuario = 'Alumno5'),'2023-02-20 21:37:59',6,sec_to_time(84)),
((select id_usuario from usuario where nombre_usuario='Alumno6'),(select id_reto from reto inner join persona on nivel = curso inner join usuario using (id_usuario) where nombre_reto = 'calculo' and nombre_usuario = 'Alumno6'),'2023-02-21 19:00:43',12,sec_to_time(83)),
((select id_usuario from usuario where nombre_usuario='Alumno7'),(select id_reto from reto inner join persona on nivel = curso inner join usuario using (id_usuario) where nombre_reto = 'calculo' and nombre_usuario = 'Alumno7'),'2023-03-23 08:13:37',2,sec_to_time(82)),
((select id_usuario from usuario where nombre_usuario='Alumno8'),(select id_reto from reto inner join persona on nivel = curso inner join usuario using (id_usuario) where nombre_reto = 'calculo' and nombre_usuario = 'Alumno8'),'2023-01-27 14:46:10',11,sec_to_time(151)),
((select id_usuario from usuario where nombre_usuario='Alumno9'),(select id_reto from reto inner join persona on nivel = curso inner join usuario using (id_usuario) where nombre_reto = 'calculo' and nombre_usuario = 'Alumno9'),'2023-02-22 18:10:17',7,sec_to_time(120)),
((select id_usuario from usuario where nombre_usuario='Alumno10'),(select id_reto from reto inner join persona on nivel = curso inner join usuario using (id_usuario) where nombre_reto = 'calculo' and nombre_usuario = 'Alumno10'),'2023-02-04 17:55:32',13,sec_to_time(75)),
((select id_usuario from usuario where nombre_usuario='Alumno11'),(select id_reto from reto inner join persona on nivel = curso inner join usuario using (id_usuario) where nombre_reto = 'calculo' and nombre_usuario = 'Alumno11'),'2023-02-20 15:06:59',17,sec_to_time(127)),
((select id_usuario from usuario where nombre_usuario='Alumno12'),(select id_reto from reto inner join persona on nivel = curso inner join usuario using (id_usuario) where nombre_reto = 'calculo' and nombre_usuario = 'Alumno12'),'2023-03-24 15:00:12',9,sec_to_time(136)),
((select id_usuario from usuario where nombre_usuario='Cbarrios'),(select id_reto from reto inner join persona on nivel = curso inner join usuario using (id_usuario) where nombre_reto = 'calculo' and nombre_usuario = 'Cbarrios'),'2023-01-17 08:06:39',16,sec_to_time(101)),
((select id_usuario from usuario where nombre_usuario='Despinosa'),(select id_reto from reto inner join persona on nivel = curso inner join usuario using (id_usuario) where nombre_reto = 'calculo' and nombre_usuario = 'Despinosa'),'2023-02-11 18:50:20',1,sec_to_time(141)),
((select id_usuario from usuario where nombre_usuario='Rgutierrez'),(select id_reto from reto inner join persona on nivel = curso inner join usuario using (id_usuario) where nombre_reto = 'calculo' and nombre_usuario = 'Rgutierrez'),'2023-03-20 12:02:15',3,sec_to_time(86)),
((select id_usuario from usuario where nombre_usuario='Adiez'),(select id_reto from reto inner join persona on nivel = curso inner join usuario using (id_usuario) where nombre_reto = 'calculo' and nombre_usuario = 'Adiez'),'2023-01-28 19:52:55',3,sec_to_time(95)),
((select id_usuario from usuario where nombre_usuario='Alumno1'),(select id_reto from reto inner join persona on nivel = curso inner join usuario using (id_usuario) where nombre_reto = 'calculo' and nombre_usuario = 'Alumno1'),'2023-01-19 15:20:45',24,sec_to_time(94)),
((select id_usuario from usuario where nombre_usuario='Alumno2'),(select id_reto from reto inner join persona on nivel = curso inner join usuario using (id_usuario) where nombre_reto = 'calculo' and nombre_usuario = 'Alumno2'),'2023-01-01 13:04:54',17,sec_to_time(112)),
((select id_usuario from usuario where nombre_usuario='Alumno3'),(select id_reto from reto inner join persona on nivel = curso inner join usuario using (id_usuario) where nombre_reto = 'calculo' and nombre_usuario = 'Alumno3'),'2023-02-21 21:49:50',22,sec_to_time(70)),
((select id_usuario from usuario where nombre_usuario='Alumno4'),(select id_reto from reto inner join persona on nivel = curso inner join usuario using (id_usuario) where nombre_reto = 'calculo' and nombre_usuario = 'Alumno4'),'2023-03-13 17:51:26',9,sec_to_time(133)),
((select id_usuario from usuario where nombre_usuario='Alumno5'),(select id_reto from reto inner join persona on nivel = curso inner join usuario using (id_usuario) where nombre_reto = 'calculo' and nombre_usuario = 'Alumno5'),'2023-03-11 14:57:40',24,sec_to_time(102)),
((select id_usuario from usuario where nombre_usuario='Alumno6'),(select id_reto from reto inner join persona on nivel = curso inner join usuario using (id_usuario) where nombre_reto = 'calculo' and nombre_usuario = 'Alumno6'),'2023-03-26 16:01:54',3,sec_to_time(71)),
((select id_usuario from usuario where nombre_usuario='Alumno7'),(select id_reto from reto inner join persona on nivel = curso inner join usuario using (id_usuario) where nombre_reto = 'calculo' and nombre_usuario = 'Alumno7'),'2023-01-03 16:33:00',17,sec_to_time(153)),
((select id_usuario from usuario where nombre_usuario='Alumno8'),(select id_reto from reto inner join persona on nivel = curso inner join usuario using (id_usuario) where nombre_reto = 'calculo' and nombre_usuario = 'Alumno8'),'2023-02-04 12:14:59',24,sec_to_time(106)),
((select id_usuario from usuario where nombre_usuario='Alumno9'),(select id_reto from reto inner join persona on nivel = curso inner join usuario using (id_usuario) where nombre_reto = 'calculo' and nombre_usuario = 'Alumno9'),'2023-01-24 09:43:44',7,sec_to_time(135)),
((select id_usuario from usuario where nombre_usuario='Alumno10'),(select id_reto from reto inner join persona on nivel = curso inner join usuario using (id_usuario) where nombre_reto = 'calculo' and nombre_usuario = 'Alumno10'),'2023-02-20 10:49:02',19,sec_to_time(125)),
((select id_usuario from usuario where nombre_usuario='Alumno11'),(select id_reto from reto inner join persona on nivel = curso inner join usuario using (id_usuario) where nombre_reto = 'calculo' and nombre_usuario = 'Alumno11'),'2023-03-09 18:20:51',11,sec_to_time(111)),
((select id_usuario from usuario where nombre_usuario='Alumno12'),(select id_reto from reto inner join persona on nivel = curso inner join usuario using (id_usuario) where nombre_reto = 'calculo' and nombre_usuario = 'Alumno12'),'2023-01-21 09:34:38',6,sec_to_time(134)),
((select id_usuario from usuario where nombre_usuario='Cbarrios'),(select id_reto from reto inner join persona on nivel = curso inner join usuario using (id_usuario) where nombre_reto = 'calculo' and nombre_usuario = 'Cbarrios'),'2023-02-02 18:22:03',18,sec_to_time(119)),
((select id_usuario from usuario where nombre_usuario='Despinosa'),(select id_reto from reto inner join persona on nivel = curso inner join usuario using (id_usuario) where nombre_reto = 'calculo' and nombre_usuario = 'Despinosa'),'2023-01-04 17:32:23',8,sec_to_time(139)),
((select id_usuario from usuario where nombre_usuario='Rgutierrez'),(select id_reto from reto inner join persona on nivel = curso inner join usuario using (id_usuario) where nombre_reto = 'calculo' and nombre_usuario = 'Rgutierrez'),'2023-03-14 17:38:57',4,sec_to_time(68)),
((select id_usuario from usuario where nombre_usuario='Adiez'),(select id_reto from reto inner join persona on nivel = curso inner join usuario using (id_usuario) where nombre_reto = 'calculo' and nombre_usuario = 'Adiez'),'2023-02-27 21:45:45',11,sec_to_time(92)),
((select id_usuario from usuario where nombre_usuario='Alumno1'),(select id_reto from reto inner join persona on nivel = curso inner join usuario using (id_usuario) where nombre_reto = 'calculo' and nombre_usuario = 'Alumno1'),'2023-02-02 17:45:10',5,sec_to_time(135)),
((select id_usuario from usuario where nombre_usuario='Alumno2'),(select id_reto from reto inner join persona on nivel = curso inner join usuario using (id_usuario) where nombre_reto = 'calculo' and nombre_usuario = 'Alumno2'),'2023-02-10 14:44:30',17,sec_to_time(68)),
((select id_usuario from usuario where nombre_usuario='Alumno3'),(select id_reto from reto inner join persona on nivel = curso inner join usuario using (id_usuario) where nombre_reto = 'calculo' and nombre_usuario = 'Alumno3'),'2023-03-28 12:02:23',23,sec_to_time(106)),
((select id_usuario from usuario where nombre_usuario='Alumno4'),(select id_reto from reto inner join persona on nivel = curso inner join usuario using (id_usuario) where nombre_reto = 'calculo' and nombre_usuario = 'Alumno4'),'2023-03-13 14:07:31',15,sec_to_time(110)),
((select id_usuario from usuario where nombre_usuario='Alumno5'),(select id_reto from reto inner join persona on nivel = curso inner join usuario using (id_usuario) where nombre_reto = 'calculo' and nombre_usuario = 'Alumno5'),'2023-03-09 10:25:12',4,sec_to_time(99)),
((select id_usuario from usuario where nombre_usuario='Alumno6'),(select id_reto from reto inner join persona on nivel = curso inner join usuario using (id_usuario) where nombre_reto = 'calculo' and nombre_usuario = 'Alumno6'),'2023-01-07 19:01:52',20,sec_to_time(130)),
((select id_usuario from usuario where nombre_usuario='Alumno7'),(select id_reto from reto inner join persona on nivel = curso inner join usuario using (id_usuario) where nombre_reto = 'calculo' and nombre_usuario = 'Alumno7'),'2023-03-08 14:15:33',12,sec_to_time(73)),
((select id_usuario from usuario where nombre_usuario='Alumno8'),(select id_reto from reto inner join persona on nivel = curso inner join usuario using (id_usuario) where nombre_reto = 'calculo' and nombre_usuario = 'Alumno8'),'2023-02-04 18:08:53',10,sec_to_time(84)),
((select id_usuario from usuario where nombre_usuario='Alumno9'),(select id_reto from reto inner join persona on nivel = curso inner join usuario using (id_usuario) where nombre_reto = 'calculo' and nombre_usuario = 'Alumno9'),'2023-03-09 20:05:52',24,sec_to_time(126)),
((select id_usuario from usuario where nombre_usuario='Alumno10'),(select id_reto from reto inner join persona on nivel = curso inner join usuario using (id_usuario) where nombre_reto = 'calculo' and nombre_usuario = 'Alumno10'),'2023-01-09 21:57:20',1,sec_to_time(91)),
((select id_usuario from usuario where nombre_usuario='Alumno11'),(select id_reto from reto inner join persona on nivel = curso inner join usuario using (id_usuario) where nombre_reto = 'calculo' and nombre_usuario = 'Alumno11'),'2023-03-04 10:48:27',2,sec_to_time(60)),
((select id_usuario from usuario where nombre_usuario='Alumno12'),(select id_reto from reto inner join persona on nivel = curso inner join usuario using (id_usuario) where nombre_reto = 'calculo' and nombre_usuario = 'Alumno12'),'2023-02-27 14:59:08',1,sec_to_time(92)),
((select id_usuario from usuario where nombre_usuario='Cbarrios'),(select id_reto from reto inner join persona on nivel = curso inner join usuario using (id_usuario) where nombre_reto = 'calculo' and nombre_usuario = 'Cbarrios'),'2023-03-11 13:26:59',9,sec_to_time(102)),
((select id_usuario from usuario where nombre_usuario='Despinosa'),(select id_reto from reto inner join persona on nivel = curso inner join usuario using (id_usuario) where nombre_reto = 'calculo' and nombre_usuario = 'Despinosa'),'2023-01-19 15:40:33',8,sec_to_time(92)),
((select id_usuario from usuario where nombre_usuario='Rgutierrez'),(select id_reto from reto inner join persona on nivel = curso inner join usuario using (id_usuario) where nombre_reto = 'calculo' and nombre_usuario = 'Rgutierrez'),'2023-02-09 17:38:56',11,sec_to_time(68)),
((select id_usuario from usuario where nombre_usuario='Adiez'),(select id_reto from reto inner join persona on nivel = curso inner join usuario using (id_usuario) where nombre_reto = 'calculo' and nombre_usuario = 'Adiez'),'2023-02-24 16:31:32',15,sec_to_time(68)),
((select id_usuario from usuario where nombre_usuario='Alumno1'),(select id_reto from reto inner join persona on nivel = curso inner join usuario using (id_usuario) where nombre_reto = 'calculo' and nombre_usuario = 'Alumno1'),'2023-03-02 12:59:39',21,sec_to_time(134)),
((select id_usuario from usuario where nombre_usuario='Alumno2'),(select id_reto from reto inner join persona on nivel = curso inner join usuario using (id_usuario) where nombre_reto = 'calculo' and nombre_usuario = 'Alumno2'),'2023-02-27 12:09:34',21,sec_to_time(126)),
((select id_usuario from usuario where nombre_usuario='Alumno3'),(select id_reto from reto inner join persona on nivel = curso inner join usuario using (id_usuario) where nombre_reto = 'calculo' and nombre_usuario = 'Alumno3'),'2023-03-21 11:45:53',9,sec_to_time(104)),
((select id_usuario from usuario where nombre_usuario='Alumno4'),(select id_reto from reto inner join persona on nivel = curso inner join usuario using (id_usuario) where nombre_reto = 'calculo' and nombre_usuario = 'Alumno4'),'2023-03-04 20:25:12',6,sec_to_time(95)),
((select id_usuario from usuario where nombre_usuario='Alumno5'),(select id_reto from reto inner join persona on nivel = curso inner join usuario using (id_usuario) where nombre_reto = 'calculo' and nombre_usuario = 'Alumno5'),'2023-01-02 08:46:48',16,sec_to_time(125)),
((select id_usuario from usuario where nombre_usuario='Alumno6'),(select id_reto from reto inner join persona on nivel = curso inner join usuario using (id_usuario) where nombre_reto = 'calculo' and nombre_usuario = 'Alumno6'),'2023-02-04 16:30:07',15,sec_to_time(81)),
((select id_usuario from usuario where nombre_usuario='Alumno7'),(select id_reto from reto inner join persona on nivel = curso inner join usuario using (id_usuario) where nombre_reto = 'calculo' and nombre_usuario = 'Alumno7'),'2023-01-27 21:12:30',14,sec_to_time(149)),
((select id_usuario from usuario where nombre_usuario='Alumno8'),(select id_reto from reto inner join persona on nivel = curso inner join usuario using (id_usuario) where nombre_reto = 'calculo' and nombre_usuario = 'Alumno8'),'2023-03-07 16:23:20',22,sec_to_time(68)),
((select id_usuario from usuario where nombre_usuario='Alumno9'),(select id_reto from reto inner join persona on nivel = curso inner join usuario using (id_usuario) where nombre_reto = 'calculo' and nombre_usuario = 'Alumno9'),'2023-01-27 09:57:07',17,sec_to_time(114)),
((select id_usuario from usuario where nombre_usuario='Alumno10'),(select id_reto from reto inner join persona on nivel = curso inner join usuario using (id_usuario) where nombre_reto = 'calculo' and nombre_usuario = 'Alumno10'),'2023-02-12 09:45:17',9,sec_to_time(141)),
((select id_usuario from usuario where nombre_usuario='Alumno11'),(select id_reto from reto inner join persona on nivel = curso inner join usuario using (id_usuario) where nombre_reto = 'calculo' and nombre_usuario = 'Alumno11'),'2023-01-19 09:38:20',19,sec_to_time(91)),
((select id_usuario from usuario where nombre_usuario='Alumno12'),(select id_reto from reto inner join persona on nivel = curso inner join usuario using (id_usuario) where nombre_reto = 'calculo' and nombre_usuario = 'Alumno12'),'2023-02-07 18:48:44',18,sec_to_time(63)),
((select id_usuario from usuario where nombre_usuario='Cbarrios'),(select id_reto from reto inner join persona on nivel = curso inner join usuario using (id_usuario) where nombre_reto = 'calculo' and nombre_usuario = 'Cbarrios'),'2023-02-13 21:05:11',16,sec_to_time(146)),
((select id_usuario from usuario where nombre_usuario='Despinosa'),(select id_reto from reto inner join persona on nivel = curso inner join usuario using (id_usuario) where nombre_reto = 'calculo' and nombre_usuario = 'Despinosa'),'2023-01-07 13:57:00',19,sec_to_time(141)),
((select id_usuario from usuario where nombre_usuario='Rgutierrez'),(select id_reto from reto inner join persona on nivel = curso inner join usuario using (id_usuario) where nombre_reto = 'calculo' and nombre_usuario = 'Rgutierrez'),'2023-02-27 18:26:46',15,sec_to_time(115)),
((select id_usuario from usuario where nombre_usuario='Adiez'),(select id_reto from reto inner join persona on nivel = curso inner join usuario using (id_usuario) where nombre_reto = 'calculo' and nombre_usuario = 'Adiez'),'2023-01-17 13:18:57',3,sec_to_time(126)),
((select id_usuario from usuario where nombre_usuario='Alumno1'),(select id_reto from reto inner join persona on nivel = curso inner join usuario using (id_usuario) where nombre_reto = 'calculo' and nombre_usuario = 'Alumno1'),'2023-02-06 13:56:09',23,sec_to_time(116)),
((select id_usuario from usuario where nombre_usuario='Alumno2'),(select id_reto from reto inner join persona on nivel = curso inner join usuario using (id_usuario) where nombre_reto = 'calculo' and nombre_usuario = 'Alumno2'),'2023-01-13 08:41:50',2,sec_to_time(68)),
((select id_usuario from usuario where nombre_usuario='Alumno3'),(select id_reto from reto inner join persona on nivel = curso inner join usuario using (id_usuario) where nombre_reto = 'calculo' and nombre_usuario = 'Alumno3'),'2023-03-20 12:06:36',19,sec_to_time(81)),
((select id_usuario from usuario where nombre_usuario='Alumno4'),(select id_reto from reto inner join persona on nivel = curso inner join usuario using (id_usuario) where nombre_reto = 'calculo' and nombre_usuario = 'Alumno4'),'2023-03-10 19:36:46',3,sec_to_time(108)),
((select id_usuario from usuario where nombre_usuario='Alumno5'),(select id_reto from reto inner join persona on nivel = curso inner join usuario using (id_usuario) where nombre_reto = 'calculo' and nombre_usuario = 'Alumno5'),'2023-03-24 13:55:37',2,sec_to_time(133)),
((select id_usuario from usuario where nombre_usuario='Alumno6'),(select id_reto from reto inner join persona on nivel = curso inner join usuario using (id_usuario) where nombre_reto = 'calculo' and nombre_usuario = 'Alumno6'),'2023-01-26 16:26:04',13,sec_to_time(128)),
((select id_usuario from usuario where nombre_usuario='Alumno7'),(select id_reto from reto inner join persona on nivel = curso inner join usuario using (id_usuario) where nombre_reto = 'calculo' and nombre_usuario = 'Alumno7'),'2023-03-05 19:20:44',9,sec_to_time(71)),
((select id_usuario from usuario where nombre_usuario='Alumno8'),(select id_reto from reto inner join persona on nivel = curso inner join usuario using (id_usuario) where nombre_reto = 'calculo' and nombre_usuario = 'Alumno8'),'2023-03-18 08:02:59',3,sec_to_time(152)),
((select id_usuario from usuario where nombre_usuario='Alumno9'),(select id_reto from reto inner join persona on nivel = curso inner join usuario using (id_usuario) where nombre_reto = 'calculo' and nombre_usuario = 'Alumno9'),'2023-03-21 09:31:40',12,sec_to_time(86)),
((select id_usuario from usuario where nombre_usuario='Alumno10'),(select id_reto from reto inner join persona on nivel = curso inner join usuario using (id_usuario) where nombre_reto = 'calculo' and nombre_usuario = 'Alumno10'),'2023-02-26 13:12:06',14,sec_to_time(110)),
((select id_usuario from usuario where nombre_usuario='Alumno11'),(select id_reto from reto inner join persona on nivel = curso inner join usuario using (id_usuario) where nombre_reto = 'calculo' and nombre_usuario = 'Alumno11'),'2023-01-20 12:33:38',17,sec_to_time(101)),
((select id_usuario from usuario where nombre_usuario='Alumno12'),(select id_reto from reto inner join persona on nivel = curso inner join usuario using (id_usuario) where nombre_reto = 'calculo' and nombre_usuario = 'Alumno12'),'2023-01-20 12:54:42',8,sec_to_time(120)),
((select id_usuario from usuario where nombre_usuario='Cbarrios'),(select id_reto from reto inner join persona on nivel = curso inner join usuario using (id_usuario) where nombre_reto = 'calculo' and nombre_usuario = 'Cbarrios'),'2023-02-04 15:14:15',2,sec_to_time(96)),
((select id_usuario from usuario where nombre_usuario='Despinosa'),(select id_reto from reto inner join persona on nivel = curso inner join usuario using (id_usuario) where nombre_reto = 'calculo' and nombre_usuario = 'Despinosa'),'2023-02-26 15:51:21',16,sec_to_time(160)),
((select id_usuario from usuario where nombre_usuario='Rgutierrez'),(select id_reto from reto inner join persona on nivel = curso inner join usuario using (id_usuario) where nombre_reto = 'calculo' and nombre_usuario = 'Rgutierrez'),'2023-02-10 21:57:22',5,sec_to_time(141)),
((select id_usuario from usuario where nombre_usuario='Adiez'),(select id_reto from reto inner join persona on nivel = curso inner join usuario using (id_usuario) where nombre_reto = 'calculo' and nombre_usuario = 'Adiez'),'2023-03-13 13:34:58',9,sec_to_time(118)),
((select id_usuario from usuario where nombre_usuario='Alumno1'),(select id_reto from reto inner join persona on nivel = curso inner join usuario using (id_usuario) where nombre_reto = 'calculo' and nombre_usuario = 'Alumno1'),'2023-01-16 09:31:16',20,sec_to_time(77)),
((select id_usuario from usuario where nombre_usuario='Alumno2'),(select id_reto from reto inner join persona on nivel = curso inner join usuario using (id_usuario) where nombre_reto = 'calculo' and nombre_usuario = 'Alumno2'),'2023-01-12 09:14:05',16,sec_to_time(133)),
((select id_usuario from usuario where nombre_usuario='Alumno3'),(select id_reto from reto inner join persona on nivel = curso inner join usuario using (id_usuario) where nombre_reto = 'calculo' and nombre_usuario = 'Alumno3'),'2023-03-08 19:34:14',6,sec_to_time(91)),
((select id_usuario from usuario where nombre_usuario='Alumno4'),(select id_reto from reto inner join persona on nivel = curso inner join usuario using (id_usuario) where nombre_reto = 'calculo' and nombre_usuario = 'Alumno4'),'2023-02-06 11:46:58',7,sec_to_time(67)),
((select id_usuario from usuario where nombre_usuario='Alumno5'),(select id_reto from reto inner join persona on nivel = curso inner join usuario using (id_usuario) where nombre_reto = 'calculo' and nombre_usuario = 'Alumno5'),'2023-03-10 21:23:25',14,sec_to_time(110)),
((select id_usuario from usuario where nombre_usuario='Alumno6'),(select id_reto from reto inner join persona on nivel = curso inner join usuario using (id_usuario) where nombre_reto = 'calculo' and nombre_usuario = 'Alumno6'),'2023-02-06 12:49:54',23,sec_to_time(64)),
((select id_usuario from usuario where nombre_usuario='Alumno7'),(select id_reto from reto inner join persona on nivel = curso inner join usuario using (id_usuario) where nombre_reto = 'calculo' and nombre_usuario = 'Alumno7'),'2023-03-17 08:20:43',6,sec_to_time(112)),
((select id_usuario from usuario where nombre_usuario='Alumno8'),(select id_reto from reto inner join persona on nivel = curso inner join usuario using (id_usuario) where nombre_reto = 'calculo' and nombre_usuario = 'Alumno8'),'2023-02-04 18:51:46',3,sec_to_time(98)),
((select id_usuario from usuario where nombre_usuario='Alumno9'),(select id_reto from reto inner join persona on nivel = curso inner join usuario using (id_usuario) where nombre_reto = 'calculo' and nombre_usuario = 'Alumno9'),'2023-02-16 16:50:41',25,sec_to_time(74)),
((select id_usuario from usuario where nombre_usuario='Alumno10'),(select id_reto from reto inner join persona on nivel = curso inner join usuario using (id_usuario) where nombre_reto = 'calculo' and nombre_usuario = 'Alumno10'),'2023-01-26 08:40:00',16,sec_to_time(103)),
((select id_usuario from usuario where nombre_usuario='Alumno11'),(select id_reto from reto inner join persona on nivel = curso inner join usuario using (id_usuario) where nombre_reto = 'calculo' and nombre_usuario = 'Alumno11'),'2023-03-17 21:16:10',15,sec_to_time(74)),
((select id_usuario from usuario where nombre_usuario='Alumno12'),(select id_reto from reto inner join persona on nivel = curso inner join usuario using (id_usuario) where nombre_reto = 'calculo' and nombre_usuario = 'Alumno12'),'2023-03-11 18:41:16',22,sec_to_time(112)),
((select id_usuario from usuario where nombre_usuario='Cbarrios'),(select id_reto from reto inner join persona on nivel = curso inner join usuario using (id_usuario) where nombre_reto = 'calculo' and nombre_usuario = 'Cbarrios'),'2023-03-15 08:14:19',25,sec_to_time(138)),
((select id_usuario from usuario where nombre_usuario='Despinosa'),(select id_reto from reto inner join persona on nivel = curso inner join usuario using (id_usuario) where nombre_reto = 'calculo' and nombre_usuario = 'Despinosa'),'2023-02-03 20:23:25',3,sec_to_time(107)),
((select id_usuario from usuario where nombre_usuario='Rgutierrez'),(select id_reto from reto inner join persona on nivel = curso inner join usuario using (id_usuario) where nombre_reto = 'calculo' and nombre_usuario = 'Rgutierrez'),'2023-03-24 08:00:00',19,sec_to_time(134)),
((select id_usuario from usuario where nombre_usuario='Adiez'),(select id_reto from reto inner join persona on nivel = curso inner join usuario using (id_usuario) where nombre_reto = 'calculo' and nombre_usuario = 'Adiez'),'2023-03-08 21:47:47',23,sec_to_time(155)),
((select id_usuario from usuario where nombre_usuario='Alumno1'),(select id_reto from reto inner join persona on nivel = curso inner join usuario using (id_usuario) where nombre_reto = 'calculo' and nombre_usuario = 'Alumno1'),'2023-03-27 13:45:44',16,sec_to_time(67)),
((select id_usuario from usuario where nombre_usuario='Alumno2'),(select id_reto from reto inner join persona on nivel = curso inner join usuario using (id_usuario) where nombre_reto = 'calculo' and nombre_usuario = 'Alumno2'),'2023-01-23 17:33:07',15,sec_to_time(117)),
((select id_usuario from usuario where nombre_usuario='Alumno3'),(select id_reto from reto inner join persona on nivel = curso inner join usuario using (id_usuario) where nombre_reto = 'calculo' and nombre_usuario = 'Alumno3'),'2023-01-15 18:28:08',6,sec_to_time(104)),
((select id_usuario from usuario where nombre_usuario='Alumno4'),(select id_reto from reto inner join persona on nivel = curso inner join usuario using (id_usuario) where nombre_reto = 'calculo' and nombre_usuario = 'Alumno4'),'2023-02-14 19:56:56',11,sec_to_time(103)),
((select id_usuario from usuario where nombre_usuario='Alumno5'),(select id_reto from reto inner join persona on nivel = curso inner join usuario using (id_usuario) where nombre_reto = 'calculo' and nombre_usuario = 'Alumno5'),'2023-03-26 21:35:28',3,sec_to_time(123)),
((select id_usuario from usuario where nombre_usuario='Alumno6'),(select id_reto from reto inner join persona on nivel = curso inner join usuario using (id_usuario) where nombre_reto = 'calculo' and nombre_usuario = 'Alumno6'),'2023-01-05 16:35:15',2,sec_to_time(62)),
((select id_usuario from usuario where nombre_usuario='Alumno7'),(select id_reto from reto inner join persona on nivel = curso inner join usuario using (id_usuario) where nombre_reto = 'calculo' and nombre_usuario = 'Alumno7'),'2023-01-28 08:35:23',9,sec_to_time(115)),
((select id_usuario from usuario where nombre_usuario='Alumno8'),(select id_reto from reto inner join persona on nivel = curso inner join usuario using (id_usuario) where nombre_reto = 'calculo' and nombre_usuario = 'Alumno8'),'2023-02-11 14:01:57',7,sec_to_time(143)),
((select id_usuario from usuario where nombre_usuario='Alumno9'),(select id_reto from reto inner join persona on nivel = curso inner join usuario using (id_usuario) where nombre_reto = 'calculo' and nombre_usuario = 'Alumno9'),'2023-02-19 08:40:58',11,sec_to_time(66)),
((select id_usuario from usuario where nombre_usuario='Alumno10'),(select id_reto from reto inner join persona on nivel = curso inner join usuario using (id_usuario) where nombre_reto = 'calculo' and nombre_usuario = 'Alumno10'),'2023-01-05 13:40:45',24,sec_to_time(152)),
((select id_usuario from usuario where nombre_usuario='Alumno11'),(select id_reto from reto inner join persona on nivel = curso inner join usuario using (id_usuario) where nombre_reto = 'calculo' and nombre_usuario = 'Alumno11'),'2023-01-07 11:58:03',4,sec_to_time(71)),
((select id_usuario from usuario where nombre_usuario='Alumno12'),(select id_reto from reto inner join persona on nivel = curso inner join usuario using (id_usuario) where nombre_reto = 'calculo' and nombre_usuario = 'Alumno12'),'2023-03-24 08:08:38',20,sec_to_time(113)),
((select id_usuario from usuario where nombre_usuario='Cbarrios'),(select id_reto from reto inner join persona on nivel = curso inner join usuario using (id_usuario) where nombre_reto = 'calculo' and nombre_usuario = 'Cbarrios'),'2023-03-18 18:13:39',22,sec_to_time(157)),
((select id_usuario from usuario where nombre_usuario='Despinosa'),(select id_reto from reto inner join persona on nivel = curso inner join usuario using (id_usuario) where nombre_reto = 'calculo' and nombre_usuario = 'Despinosa'),'2023-01-20 08:25:52',13,sec_to_time(70)),
((select id_usuario from usuario where nombre_usuario='Rgutierrez'),(select id_reto from reto inner join persona on nivel = curso inner join usuario using (id_usuario) where nombre_reto = 'calculo' and nombre_usuario = 'Rgutierrez'),'2023-03-14 09:39:50',11,sec_to_time(114)),
((select id_usuario from usuario where nombre_usuario='Adiez'),(select id_reto from reto inner join persona on nivel = curso inner join usuario using (id_usuario) where nombre_reto = 'calculo' and nombre_usuario = 'Adiez'),'2023-02-18 19:53:13',4,sec_to_time(62)),
((select id_usuario from usuario where nombre_usuario='Alumno1'),(select id_reto from reto inner join persona on nivel = curso inner join usuario using (id_usuario) where nombre_reto = 'calculo' and nombre_usuario = 'Alumno1'),'2023-01-09 10:14:04',19,sec_to_time(149)),
((select id_usuario from usuario where nombre_usuario='Alumno2'),(select id_reto from reto inner join persona on nivel = curso inner join usuario using (id_usuario) where nombre_reto = 'calculo' and nombre_usuario = 'Alumno2'),'2023-01-07 21:21:45',4,sec_to_time(83)),
((select id_usuario from usuario where nombre_usuario='Alumno3'),(select id_reto from reto inner join persona on nivel = curso inner join usuario using (id_usuario) where nombre_reto = 'calculo' and nombre_usuario = 'Alumno3'),'2023-03-13 15:31:09',7,sec_to_time(131)),
((select id_usuario from usuario where nombre_usuario='Alumno4'),(select id_reto from reto inner join persona on nivel = curso inner join usuario using (id_usuario) where nombre_reto = 'calculo' and nombre_usuario = 'Alumno4'),'2023-03-01 14:53:15',24,sec_to_time(110)),
((select id_usuario from usuario where nombre_usuario='Alumno5'),(select id_reto from reto inner join persona on nivel = curso inner join usuario using (id_usuario) where nombre_reto = 'calculo' and nombre_usuario = 'Alumno5'),'2023-01-14 15:00:35',12,sec_to_time(61)),
((select id_usuario from usuario where nombre_usuario='Alumno6'),(select id_reto from reto inner join persona on nivel = curso inner join usuario using (id_usuario) where nombre_reto = 'calculo' and nombre_usuario = 'Alumno6'),'2023-03-25 19:32:19',11,sec_to_time(105)),
((select id_usuario from usuario where nombre_usuario='Alumno7'),(select id_reto from reto inner join persona on nivel = curso inner join usuario using (id_usuario) where nombre_reto = 'calculo' and nombre_usuario = 'Alumno7'),'2023-01-18 17:37:29',19,sec_to_time(156)),
((select id_usuario from usuario where nombre_usuario='Alumno8'),(select id_reto from reto inner join persona on nivel = curso inner join usuario using (id_usuario) where nombre_reto = 'calculo' and nombre_usuario = 'Alumno8'),'2023-02-03 17:29:15',8,sec_to_time(69)),
((select id_usuario from usuario where nombre_usuario='Alumno9'),(select id_reto from reto inner join persona on nivel = curso inner join usuario using (id_usuario) where nombre_reto = 'calculo' and nombre_usuario = 'Alumno9'),'2023-02-12 12:20:44',20,sec_to_time(109)),
((select id_usuario from usuario where nombre_usuario='Alumno10'),(select id_reto from reto inner join persona on nivel = curso inner join usuario using (id_usuario) where nombre_reto = 'calculo' and nombre_usuario = 'Alumno10'),'2023-01-23 17:16:10',23,sec_to_time(136)),
((select id_usuario from usuario where nombre_usuario='Alumno11'),(select id_reto from reto inner join persona on nivel = curso inner join usuario using (id_usuario) where nombre_reto = 'calculo' and nombre_usuario = 'Alumno11'),'2023-02-08 12:54:20',16,sec_to_time(91)),
((select id_usuario from usuario where nombre_usuario='Alumno12'),(select id_reto from reto inner join persona on nivel = curso inner join usuario using (id_usuario) where nombre_reto = 'calculo' and nombre_usuario = 'Alumno12'),'2023-01-10 21:15:28',19,sec_to_time(66)),
((select id_usuario from usuario where nombre_usuario='Cbarrios'),(select id_reto from reto inner join persona on nivel = curso inner join usuario using (id_usuario) where nombre_reto = 'calculo' and nombre_usuario = 'Cbarrios'),'2023-02-12 13:26:17',22,sec_to_time(118)),
((select id_usuario from usuario where nombre_usuario='Despinosa'),(select id_reto from reto inner join persona on nivel = curso inner join usuario using (id_usuario) where nombre_reto = 'calculo' and nombre_usuario = 'Despinosa'),'2023-02-05 09:00:39',17,sec_to_time(149)),
((select id_usuario from usuario where nombre_usuario='Rgutierrez'),(select id_reto from reto inner join persona on nivel = curso inner join usuario using (id_usuario) where nombre_reto = 'calculo' and nombre_usuario = 'Rgutierrez'),'2023-01-25 19:16:15',7,sec_to_time(102)),
((select id_usuario from usuario where nombre_usuario='Adiez'),(select id_reto from reto inner join persona on nivel = curso inner join usuario using (id_usuario) where nombre_reto = 'calculo' and nombre_usuario = 'Adiez'),'2023-02-26 13:22:19',19,sec_to_time(104)),
((select id_usuario from usuario where nombre_usuario='Alumno1'),(select id_reto from reto inner join persona on nivel = curso inner join usuario using (id_usuario) where nombre_reto = 'calculo' and nombre_usuario = 'Alumno1'),'2023-03-03 08:46:44',1,sec_to_time(67)),
((select id_usuario from usuario where nombre_usuario='Alumno2'),(select id_reto from reto inner join persona on nivel = curso inner join usuario using (id_usuario) where nombre_reto = 'calculo' and nombre_usuario = 'Alumno2'),'2023-03-20 14:16:51',16,sec_to_time(122)),
((select id_usuario from usuario where nombre_usuario='Alumno3'),(select id_reto from reto inner join persona on nivel = curso inner join usuario using (id_usuario) where nombre_reto = 'calculo' and nombre_usuario = 'Alumno3'),'2023-03-12 12:01:53',25,sec_to_time(157)),
((select id_usuario from usuario where nombre_usuario='Alumno4'),(select id_reto from reto inner join persona on nivel = curso inner join usuario using (id_usuario) where nombre_reto = 'calculo' and nombre_usuario = 'Alumno4'),'2023-02-18 15:02:11',14,sec_to_time(124)),
((select id_usuario from usuario where nombre_usuario='Alumno5'),(select id_reto from reto inner join persona on nivel = curso inner join usuario using (id_usuario) where nombre_reto = 'calculo' and nombre_usuario = 'Alumno5'),'2023-01-02 09:48:19',1,sec_to_time(72)),
((select id_usuario from usuario where nombre_usuario='Alumno6'),(select id_reto from reto inner join persona on nivel = curso inner join usuario using (id_usuario) where nombre_reto = 'calculo' and nombre_usuario = 'Alumno6'),'2023-03-11 09:49:05',20,sec_to_time(155)),
((select id_usuario from usuario where nombre_usuario='Alumno7'),(select id_reto from reto inner join persona on nivel = curso inner join usuario using (id_usuario) where nombre_reto = 'calculo' and nombre_usuario = 'Alumno7'),'2023-02-16 14:21:26',10,sec_to_time(114)),
((select id_usuario from usuario where nombre_usuario='Alumno8'),(select id_reto from reto inner join persona on nivel = curso inner join usuario using (id_usuario) where nombre_reto = 'calculo' and nombre_usuario = 'Alumno8'),'2023-03-24 15:33:05',1,sec_to_time(64)),
((select id_usuario from usuario where nombre_usuario='Alumno9'),(select id_reto from reto inner join persona on nivel = curso inner join usuario using (id_usuario) where nombre_reto = 'calculo' and nombre_usuario = 'Alumno9'),'2023-01-23 12:38:43',10,sec_to_time(119)),
((select id_usuario from usuario where nombre_usuario='Alumno10'),(select id_reto from reto inner join persona on nivel = curso inner join usuario using (id_usuario) where nombre_reto = 'calculo' and nombre_usuario = 'Alumno10'),'2023-01-12 16:54:50',21,sec_to_time(66)),
((select id_usuario from usuario where nombre_usuario='Alumno11'),(select id_reto from reto inner join persona on nivel = curso inner join usuario using (id_usuario) where nombre_reto = 'calculo' and nombre_usuario = 'Alumno11'),'2023-03-22 14:33:21',25,sec_to_time(93)),
((select id_usuario from usuario where nombre_usuario='Alumno12'),(select id_reto from reto inner join persona on nivel = curso inner join usuario using (id_usuario) where nombre_reto = 'calculo' and nombre_usuario = 'Alumno12'),'2023-02-19 17:21:45',1,sec_to_time(150));


-- Generados aleatoriamente datos para la tabla restodiv.
insert into resto_div(jugador,reto,fecha_hora,aciertos,tiempo_partida) values
((select id_usuario from usuario where nombre_usuario='Cbarrios'),(select id_reto from reto inner join persona on nivel = curso inner join usuario using (id_usuario) where nombre_reto = 'resto_div' and nombre_usuario = 'Cbarrios'),'2023-01-07 18:02:03',4,sec_to_time(34)),
((select id_usuario from usuario where nombre_usuario='Despinosa'),(select id_reto from reto inner join persona on nivel = curso inner join usuario using (id_usuario) where nombre_reto = 'resto_div' and nombre_usuario = 'Despinosa'),'2023-01-01 21:02:27',5,sec_to_time(80)),
((select id_usuario from usuario where nombre_usuario='Rgutierrez'),(select id_reto from reto inner join persona on nivel = curso inner join usuario using (id_usuario) where nombre_reto = 'resto_div' and nombre_usuario = 'Rgutierrez'),'2023-01-18 17:29:39',0,sec_to_time(26)),
((select id_usuario from usuario where nombre_usuario='Adiez'),(select id_reto from reto inner join persona on nivel = curso inner join usuario using (id_usuario) where nombre_reto = 'resto_div' and nombre_usuario = 'Adiez'),'2023-03-13 08:28:23',3,sec_to_time(45)),
((select id_usuario from usuario where nombre_usuario='Alumno1'),(select id_reto from reto inner join persona on nivel = curso inner join usuario using (id_usuario) where nombre_reto = 'resto_div' and nombre_usuario = 'Alumno1'),'2023-02-09 20:59:59',5,sec_to_time(31)),
((select id_usuario from usuario where nombre_usuario='Alumno2'),(select id_reto from reto inner join persona on nivel = curso inner join usuario using (id_usuario) where nombre_reto = 'resto_div' and nombre_usuario = 'Alumno2'),'2023-02-26 16:03:22',4,sec_to_time(27)),
((select id_usuario from usuario where nombre_usuario='Alumno3'),(select id_reto from reto inner join persona on nivel = curso inner join usuario using (id_usuario) where nombre_reto = 'resto_div' and nombre_usuario = 'Alumno3'),'2023-03-23 10:59:04',1,sec_to_time(35)),
((select id_usuario from usuario where nombre_usuario='Alumno4'),(select id_reto from reto inner join persona on nivel = curso inner join usuario using (id_usuario) where nombre_reto = 'resto_div' and nombre_usuario = 'Alumno4'),'2023-03-26 15:54:24',4,sec_to_time(53)),
((select id_usuario from usuario where nombre_usuario='Alumno5'),(select id_reto from reto inner join persona on nivel = curso inner join usuario using (id_usuario) where nombre_reto = 'resto_div' and nombre_usuario = 'Alumno5'),'2023-01-26 10:38:37',5,sec_to_time(63)),
((select id_usuario from usuario where nombre_usuario='Alumno6'),(select id_reto from reto inner join persona on nivel = curso inner join usuario using (id_usuario) where nombre_reto = 'resto_div' and nombre_usuario = 'Alumno6'),'2023-03-08 12:40:55',1,sec_to_time(27)),
((select id_usuario from usuario where nombre_usuario='Alumno7'),(select id_reto from reto inner join persona on nivel = curso inner join usuario using (id_usuario) where nombre_reto = 'resto_div' and nombre_usuario = 'Alumno7'),'2023-02-16 09:26:39',5,sec_to_time(35)),
((select id_usuario from usuario where nombre_usuario='Alumno8'),(select id_reto from reto inner join persona on nivel = curso inner join usuario using (id_usuario) where nombre_reto = 'resto_div' and nombre_usuario = 'Alumno8'),'2023-01-16 15:21:39',3,sec_to_time(44)),
((select id_usuario from usuario where nombre_usuario='Alumno9'),(select id_reto from reto inner join persona on nivel = curso inner join usuario using (id_usuario) where nombre_reto = 'resto_div' and nombre_usuario = 'Alumno9'),'2023-03-16 14:55:25',2,sec_to_time(62)),
((select id_usuario from usuario where nombre_usuario='Alumno10'),(select id_reto from reto inner join persona on nivel = curso inner join usuario using (id_usuario) where nombre_reto = 'resto_div' and nombre_usuario = 'Alumno10'),'2023-02-11 12:08:02',3,sec_to_time(48)),
((select id_usuario from usuario where nombre_usuario='Alumno11'),(select id_reto from reto inner join persona on nivel = curso inner join usuario using (id_usuario) where nombre_reto = 'resto_div' and nombre_usuario = 'Alumno11'),'2023-03-25 15:44:37',4,sec_to_time(36)),
((select id_usuario from usuario where nombre_usuario='Alumno12'),(select id_reto from reto inner join persona on nivel = curso inner join usuario using (id_usuario) where nombre_reto = 'resto_div' and nombre_usuario = 'Alumno12'),'2023-03-03 19:37:39',3,sec_to_time(70)),
((select id_usuario from usuario where nombre_usuario='Cbarrios'),(select id_reto from reto inner join persona on nivel = curso inner join usuario using (id_usuario) where nombre_reto = 'resto_div' and nombre_usuario = 'Cbarrios'),'2023-01-04 13:49:27',4,sec_to_time(33)),
((select id_usuario from usuario where nombre_usuario='Despinosa'),(select id_reto from reto inner join persona on nivel = curso inner join usuario using (id_usuario) where nombre_reto = 'resto_div' and nombre_usuario = 'Despinosa'),'2023-01-03 11:23:03',3,sec_to_time(26)),
((select id_usuario from usuario where nombre_usuario='Rgutierrez'),(select id_reto from reto inner join persona on nivel = curso inner join usuario using (id_usuario) where nombre_reto = 'resto_div' and nombre_usuario = 'Rgutierrez'),'2023-01-13 19:39:07',1,sec_to_time(30)),
((select id_usuario from usuario where nombre_usuario='Adiez'),(select id_reto from reto inner join persona on nivel = curso inner join usuario using (id_usuario) where nombre_reto = 'resto_div' and nombre_usuario = 'Adiez'),'2023-01-07 19:28:01',5,sec_to_time(54)),
((select id_usuario from usuario where nombre_usuario='Alumno1'),(select id_reto from reto inner join persona on nivel = curso inner join usuario using (id_usuario) where nombre_reto = 'resto_div' and nombre_usuario = 'Alumno1'),'2023-01-25 10:28:48',2,sec_to_time(56)),
((select id_usuario from usuario where nombre_usuario='Alumno2'),(select id_reto from reto inner join persona on nivel = curso inner join usuario using (id_usuario) where nombre_reto = 'resto_div' and nombre_usuario = 'Alumno2'),'2023-03-23 10:26:12',4,sec_to_time(48)),
((select id_usuario from usuario where nombre_usuario='Alumno3'),(select id_reto from reto inner join persona on nivel = curso inner join usuario using (id_usuario) where nombre_reto = 'resto_div' and nombre_usuario = 'Alumno3'),'2023-03-22 15:42:35',2,sec_to_time(26)),
((select id_usuario from usuario where nombre_usuario='Alumno4'),(select id_reto from reto inner join persona on nivel = curso inner join usuario using (id_usuario) where nombre_reto = 'resto_div' and nombre_usuario = 'Alumno4'),'2023-02-18 21:58:33',2,sec_to_time(47)),
((select id_usuario from usuario where nombre_usuario='Alumno5'),(select id_reto from reto inner join persona on nivel = curso inner join usuario using (id_usuario) where nombre_reto = 'resto_div' and nombre_usuario = 'Alumno5'),'2023-01-23 17:30:52',4,sec_to_time(30)),
((select id_usuario from usuario where nombre_usuario='Alumno6'),(select id_reto from reto inner join persona on nivel = curso inner join usuario using (id_usuario) where nombre_reto = 'resto_div' and nombre_usuario = 'Alumno6'),'2023-03-24 17:58:39',2,sec_to_time(52)),
((select id_usuario from usuario where nombre_usuario='Alumno7'),(select id_reto from reto inner join persona on nivel = curso inner join usuario using (id_usuario) where nombre_reto = 'resto_div' and nombre_usuario = 'Alumno7'),'2023-02-28 15:30:54',4,sec_to_time(64)),
((select id_usuario from usuario where nombre_usuario='Alumno8'),(select id_reto from reto inner join persona on nivel = curso inner join usuario using (id_usuario) where nombre_reto = 'resto_div' and nombre_usuario = 'Alumno8'),'2023-02-15 20:22:23',1,sec_to_time(55)),
((select id_usuario from usuario where nombre_usuario='Alumno9'),(select id_reto from reto inner join persona on nivel = curso inner join usuario using (id_usuario) where nombre_reto = 'resto_div' and nombre_usuario = 'Alumno9'),'2023-02-23 18:15:32',5,sec_to_time(78)),
((select id_usuario from usuario where nombre_usuario='Alumno10'),(select id_reto from reto inner join persona on nivel = curso inner join usuario using (id_usuario) where nombre_reto = 'resto_div' and nombre_usuario = 'Alumno10'),'2023-02-11 20:37:20',3,sec_to_time(47)),
((select id_usuario from usuario where nombre_usuario='Alumno11'),(select id_reto from reto inner join persona on nivel = curso inner join usuario using (id_usuario) where nombre_reto = 'resto_div' and nombre_usuario = 'Alumno11'),'2023-03-21 13:15:35',1,sec_to_time(39)),
((select id_usuario from usuario where nombre_usuario='Alumno12'),(select id_reto from reto inner join persona on nivel = curso inner join usuario using (id_usuario) where nombre_reto = 'resto_div' and nombre_usuario = 'Alumno12'),'2023-03-10 12:42:54',0,sec_to_time(29)),
((select id_usuario from usuario where nombre_usuario='Cbarrios'),(select id_reto from reto inner join persona on nivel = curso inner join usuario using (id_usuario) where nombre_reto = 'resto_div' and nombre_usuario = 'Cbarrios'),'2023-03-22 21:01:02',0,sec_to_time(27)),
((select id_usuario from usuario where nombre_usuario='Despinosa'),(select id_reto from reto inner join persona on nivel = curso inner join usuario using (id_usuario) where nombre_reto = 'resto_div' and nombre_usuario = 'Despinosa'),'2023-03-01 13:52:22',1,sec_to_time(48)),
((select id_usuario from usuario where nombre_usuario='Rgutierrez'),(select id_reto from reto inner join persona on nivel = curso inner join usuario using (id_usuario) where nombre_reto = 'resto_div' and nombre_usuario = 'Rgutierrez'),'2023-03-26 19:56:15',0,sec_to_time(43)),
((select id_usuario from usuario where nombre_usuario='Adiez'),(select id_reto from reto inner join persona on nivel = curso inner join usuario using (id_usuario) where nombre_reto = 'resto_div' and nombre_usuario = 'Adiez'),'2023-02-11 13:37:33',3,sec_to_time(65)),
((select id_usuario from usuario where nombre_usuario='Alumno1'),(select id_reto from reto inner join persona on nivel = curso inner join usuario using (id_usuario) where nombre_reto = 'resto_div' and nombre_usuario = 'Alumno1'),'2023-01-11 21:12:26',5,sec_to_time(75)),
((select id_usuario from usuario where nombre_usuario='Alumno2'),(select id_reto from reto inner join persona on nivel = curso inner join usuario using (id_usuario) where nombre_reto = 'resto_div' and nombre_usuario = 'Alumno2'),'2023-02-28 11:21:56',0,sec_to_time(70)),
((select id_usuario from usuario where nombre_usuario='Alumno3'),(select id_reto from reto inner join persona on nivel = curso inner join usuario using (id_usuario) where nombre_reto = 'resto_div' and nombre_usuario = 'Alumno3'),'2023-03-13 09:40:55',4,sec_to_time(72)),
((select id_usuario from usuario where nombre_usuario='Alumno4'),(select id_reto from reto inner join persona on nivel = curso inner join usuario using (id_usuario) where nombre_reto = 'resto_div' and nombre_usuario = 'Alumno4'),'2023-03-28 18:12:20',2,sec_to_time(72)),
((select id_usuario from usuario where nombre_usuario='Alumno5'),(select id_reto from reto inner join persona on nivel = curso inner join usuario using (id_usuario) where nombre_reto = 'resto_div' and nombre_usuario = 'Alumno5'),'2023-02-03 17:21:49',0,sec_to_time(63)),
((select id_usuario from usuario where nombre_usuario='Alumno6'),(select id_reto from reto inner join persona on nivel = curso inner join usuario using (id_usuario) where nombre_reto = 'resto_div' and nombre_usuario = 'Alumno6'),'2023-02-11 11:42:01',0,sec_to_time(33)),
((select id_usuario from usuario where nombre_usuario='Alumno7'),(select id_reto from reto inner join persona on nivel = curso inner join usuario using (id_usuario) where nombre_reto = 'resto_div' and nombre_usuario = 'Alumno7'),'2023-03-09 09:07:12',1,sec_to_time(60)),
((select id_usuario from usuario where nombre_usuario='Alumno8'),(select id_reto from reto inner join persona on nivel = curso inner join usuario using (id_usuario) where nombre_reto = 'resto_div' and nombre_usuario = 'Alumno8'),'2023-01-27 15:41:32',4,sec_to_time(28)),
((select id_usuario from usuario where nombre_usuario='Alumno9'),(select id_reto from reto inner join persona on nivel = curso inner join usuario using (id_usuario) where nombre_reto = 'resto_div' and nombre_usuario = 'Alumno9'),'2023-02-06 11:30:44',4,sec_to_time(57)),
((select id_usuario from usuario where nombre_usuario='Alumno10'),(select id_reto from reto inner join persona on nivel = curso inner join usuario using (id_usuario) where nombre_reto = 'resto_div' and nombre_usuario = 'Alumno10'),'2023-02-22 20:55:33',5,sec_to_time(28)),
((select id_usuario from usuario where nombre_usuario='Alumno11'),(select id_reto from reto inner join persona on nivel = curso inner join usuario using (id_usuario) where nombre_reto = 'resto_div' and nombre_usuario = 'Alumno11'),'2023-03-23 14:52:22',5,sec_to_time(39)),
((select id_usuario from usuario where nombre_usuario='Alumno12'),(select id_reto from reto inner join persona on nivel = curso inner join usuario using (id_usuario) where nombre_reto = 'resto_div' and nombre_usuario = 'Alumno12'),'2023-02-05 19:34:53',1,sec_to_time(71)),
((select id_usuario from usuario where nombre_usuario='Cbarrios'),(select id_reto from reto inner join persona on nivel = curso inner join usuario using (id_usuario) where nombre_reto = 'resto_div' and nombre_usuario = 'Cbarrios'),'2023-02-12 15:56:41',0,sec_to_time(67)),
((select id_usuario from usuario where nombre_usuario='Despinosa'),(select id_reto from reto inner join persona on nivel = curso inner join usuario using (id_usuario) where nombre_reto = 'resto_div' and nombre_usuario = 'Despinosa'),'2023-02-03 12:56:12',3,sec_to_time(40)),
((select id_usuario from usuario where nombre_usuario='Rgutierrez'),(select id_reto from reto inner join persona on nivel = curso inner join usuario using (id_usuario) where nombre_reto = 'resto_div' and nombre_usuario = 'Rgutierrez'),'2023-03-19 13:41:54',1,sec_to_time(29)),
((select id_usuario from usuario where nombre_usuario='Adiez'),(select id_reto from reto inner join persona on nivel = curso inner join usuario using (id_usuario) where nombre_reto = 'resto_div' and nombre_usuario = 'Adiez'),'2023-01-03 16:03:06',4,sec_to_time(52)),
((select id_usuario from usuario where nombre_usuario='Alumno1'),(select id_reto from reto inner join persona on nivel = curso inner join usuario using (id_usuario) where nombre_reto = 'resto_div' and nombre_usuario = 'Alumno1'),'2023-01-26 17:01:08',5,sec_to_time(65)),
((select id_usuario from usuario where nombre_usuario='Alumno2'),(select id_reto from reto inner join persona on nivel = curso inner join usuario using (id_usuario) where nombre_reto = 'resto_div' and nombre_usuario = 'Alumno2'),'2023-03-17 18:13:57',0,sec_to_time(28)),
((select id_usuario from usuario where nombre_usuario='Alumno3'),(select id_reto from reto inner join persona on nivel = curso inner join usuario using (id_usuario) where nombre_reto = 'resto_div' and nombre_usuario = 'Alumno3'),'2023-01-10 17:22:34',0,sec_to_time(46)),
((select id_usuario from usuario where nombre_usuario='Alumno4'),(select id_reto from reto inner join persona on nivel = curso inner join usuario using (id_usuario) where nombre_reto = 'resto_div' and nombre_usuario = 'Alumno4'),'2023-02-23 19:07:52',1,sec_to_time(73)),
((select id_usuario from usuario where nombre_usuario='Alumno5'),(select id_reto from reto inner join persona on nivel = curso inner join usuario using (id_usuario) where nombre_reto = 'resto_div' and nombre_usuario = 'Alumno5'),'2023-03-16 14:28:22',3,sec_to_time(68)),
((select id_usuario from usuario where nombre_usuario='Alumno6'),(select id_reto from reto inner join persona on nivel = curso inner join usuario using (id_usuario) where nombre_reto = 'resto_div' and nombre_usuario = 'Alumno6'),'2023-02-16 13:14:30',0,sec_to_time(69)),
((select id_usuario from usuario where nombre_usuario='Alumno7'),(select id_reto from reto inner join persona on nivel = curso inner join usuario using (id_usuario) where nombre_reto = 'resto_div' and nombre_usuario = 'Alumno7'),'2023-03-12 20:31:58',0,sec_to_time(42)),
((select id_usuario from usuario where nombre_usuario='Alumno8'),(select id_reto from reto inner join persona on nivel = curso inner join usuario using (id_usuario) where nombre_reto = 'resto_div' and nombre_usuario = 'Alumno8'),'2023-03-11 17:58:34',5,sec_to_time(34)),
((select id_usuario from usuario where nombre_usuario='Alumno9'),(select id_reto from reto inner join persona on nivel = curso inner join usuario using (id_usuario) where nombre_reto = 'resto_div' and nombre_usuario = 'Alumno9'),'2023-03-01 11:23:56',1,sec_to_time(61)),
((select id_usuario from usuario where nombre_usuario='Alumno10'),(select id_reto from reto inner join persona on nivel = curso inner join usuario using (id_usuario) where nombre_reto = 'resto_div' and nombre_usuario = 'Alumno10'),'2023-03-05 20:57:13',1,sec_to_time(62)),
((select id_usuario from usuario where nombre_usuario='Alumno11'),(select id_reto from reto inner join persona on nivel = curso inner join usuario using (id_usuario) where nombre_reto = 'resto_div' and nombre_usuario = 'Alumno11'),'2023-01-18 21:23:54',2,sec_to_time(61)),
((select id_usuario from usuario where nombre_usuario='Alumno12'),(select id_reto from reto inner join persona on nivel = curso inner join usuario using (id_usuario) where nombre_reto = 'resto_div' and nombre_usuario = 'Alumno12'),'2023-03-21 17:04:35',3,sec_to_time(75)),
((select id_usuario from usuario where nombre_usuario='Cbarrios'),(select id_reto from reto inner join persona on nivel = curso inner join usuario using (id_usuario) where nombre_reto = 'resto_div' and nombre_usuario = 'Cbarrios'),'2023-01-12 16:54:11',5,sec_to_time(33)),
((select id_usuario from usuario where nombre_usuario='Despinosa'),(select id_reto from reto inner join persona on nivel = curso inner join usuario using (id_usuario) where nombre_reto = 'resto_div' and nombre_usuario = 'Despinosa'),'2023-03-25 08:28:29',4,sec_to_time(68)),
((select id_usuario from usuario where nombre_usuario='Rgutierrez'),(select id_reto from reto inner join persona on nivel = curso inner join usuario using (id_usuario) where nombre_reto = 'resto_div' and nombre_usuario = 'Rgutierrez'),'2023-03-09 17:48:33',0,sec_to_time(46)),
((select id_usuario from usuario where nombre_usuario='Adiez'),(select id_reto from reto inner join persona on nivel = curso inner join usuario using (id_usuario) where nombre_reto = 'resto_div' and nombre_usuario = 'Adiez'),'2023-01-14 11:27:22',3,sec_to_time(41)),
((select id_usuario from usuario where nombre_usuario='Alumno1'),(select id_reto from reto inner join persona on nivel = curso inner join usuario using (id_usuario) where nombre_reto = 'resto_div' and nombre_usuario = 'Alumno1'),'2023-01-25 15:09:23',4,sec_to_time(33)),
((select id_usuario from usuario where nombre_usuario='Alumno2'),(select id_reto from reto inner join persona on nivel = curso inner join usuario using (id_usuario) where nombre_reto = 'resto_div' and nombre_usuario = 'Alumno2'),'2023-03-07 14:26:48',2,sec_to_time(35)),
((select id_usuario from usuario where nombre_usuario='Alumno3'),(select id_reto from reto inner join persona on nivel = curso inner join usuario using (id_usuario) where nombre_reto = 'resto_div' and nombre_usuario = 'Alumno3'),'2023-03-06 18:20:05',2,sec_to_time(66)),
((select id_usuario from usuario where nombre_usuario='Alumno4'),(select id_reto from reto inner join persona on nivel = curso inner join usuario using (id_usuario) where nombre_reto = 'resto_div' and nombre_usuario = 'Alumno4'),'2023-02-09 13:59:44',4,sec_to_time(26)),
((select id_usuario from usuario where nombre_usuario='Alumno5'),(select id_reto from reto inner join persona on nivel = curso inner join usuario using (id_usuario) where nombre_reto = 'resto_div' and nombre_usuario = 'Alumno5'),'2023-02-04 17:07:31',5,sec_to_time(60)),
((select id_usuario from usuario where nombre_usuario='Alumno6'),(select id_reto from reto inner join persona on nivel = curso inner join usuario using (id_usuario) where nombre_reto = 'resto_div' and nombre_usuario = 'Alumno6'),'2023-03-01 21:48:34',1,sec_to_time(58)),
((select id_usuario from usuario where nombre_usuario='Alumno7'),(select id_reto from reto inner join persona on nivel = curso inner join usuario using (id_usuario) where nombre_reto = 'resto_div' and nombre_usuario = 'Alumno7'),'2023-01-13 11:51:39',1,sec_to_time(44)),
((select id_usuario from usuario where nombre_usuario='Alumno8'),(select id_reto from reto inner join persona on nivel = curso inner join usuario using (id_usuario) where nombre_reto = 'resto_div' and nombre_usuario = 'Alumno8'),'2023-03-18 13:00:14',2,sec_to_time(35)),
((select id_usuario from usuario where nombre_usuario='Alumno9'),(select id_reto from reto inner join persona on nivel = curso inner join usuario using (id_usuario) where nombre_reto = 'resto_div' and nombre_usuario = 'Alumno9'),'2023-01-25 10:25:17',5,sec_to_time(30)),
((select id_usuario from usuario where nombre_usuario='Alumno10'),(select id_reto from reto inner join persona on nivel = curso inner join usuario using (id_usuario) where nombre_reto = 'resto_div' and nombre_usuario = 'Alumno10'),'2023-02-25 21:16:10',0,sec_to_time(30)),
((select id_usuario from usuario where nombre_usuario='Alumno11'),(select id_reto from reto inner join persona on nivel = curso inner join usuario using (id_usuario) where nombre_reto = 'resto_div' and nombre_usuario = 'Alumno11'),'2023-03-11 16:38:26',1,sec_to_time(36)),
((select id_usuario from usuario where nombre_usuario='Alumno12'),(select id_reto from reto inner join persona on nivel = curso inner join usuario using (id_usuario) where nombre_reto = 'resto_div' and nombre_usuario = 'Alumno12'),'2023-02-13 19:21:01',2,sec_to_time(64)),
((select id_usuario from usuario where nombre_usuario='Cbarrios'),(select id_reto from reto inner join persona on nivel = curso inner join usuario using (id_usuario) where nombre_reto = 'resto_div' and nombre_usuario = 'Cbarrios'),'2023-01-28 13:14:34',1,sec_to_time(38)),
((select id_usuario from usuario where nombre_usuario='Despinosa'),(select id_reto from reto inner join persona on nivel = curso inner join usuario using (id_usuario) where nombre_reto = 'resto_div' and nombre_usuario = 'Despinosa'),'2023-02-05 14:53:16',1,sec_to_time(39)),
((select id_usuario from usuario where nombre_usuario='Rgutierrez'),(select id_reto from reto inner join persona on nivel = curso inner join usuario using (id_usuario) where nombre_reto = 'resto_div' and nombre_usuario = 'Rgutierrez'),'2023-03-19 13:45:51',4,sec_to_time(66)),
((select id_usuario from usuario where nombre_usuario='Adiez'),(select id_reto from reto inner join persona on nivel = curso inner join usuario using (id_usuario) where nombre_reto = 'resto_div' and nombre_usuario = 'Adiez'),'2023-03-06 09:58:32',3,sec_to_time(65)),
((select id_usuario from usuario where nombre_usuario='Alumno1'),(select id_reto from reto inner join persona on nivel = curso inner join usuario using (id_usuario) where nombre_reto = 'resto_div' and nombre_usuario = 'Alumno1'),'2023-02-13 10:57:59',0,sec_to_time(41)),
((select id_usuario from usuario where nombre_usuario='Alumno2'),(select id_reto from reto inner join persona on nivel = curso inner join usuario using (id_usuario) where nombre_reto = 'resto_div' and nombre_usuario = 'Alumno2'),'2023-01-28 21:05:14',0,sec_to_time(76)),
((select id_usuario from usuario where nombre_usuario='Alumno3'),(select id_reto from reto inner join persona on nivel = curso inner join usuario using (id_usuario) where nombre_reto = 'resto_div' and nombre_usuario = 'Alumno3'),'2023-02-15 21:16:17',0,sec_to_time(69)),
((select id_usuario from usuario where nombre_usuario='Alumno4'),(select id_reto from reto inner join persona on nivel = curso inner join usuario using (id_usuario) where nombre_reto = 'resto_div' and nombre_usuario = 'Alumno4'),'2023-01-09 17:30:40',1,sec_to_time(49)),
((select id_usuario from usuario where nombre_usuario='Alumno5'),(select id_reto from reto inner join persona on nivel = curso inner join usuario using (id_usuario) where nombre_reto = 'resto_div' and nombre_usuario = 'Alumno5'),'2023-01-14 18:46:55',1,sec_to_time(37)),
((select id_usuario from usuario where nombre_usuario='Alumno6'),(select id_reto from reto inner join persona on nivel = curso inner join usuario using (id_usuario) where nombre_reto = 'resto_div' and nombre_usuario = 'Alumno6'),'2023-01-21 14:35:50',4,sec_to_time(29)),
((select id_usuario from usuario where nombre_usuario='Alumno7'),(select id_reto from reto inner join persona on nivel = curso inner join usuario using (id_usuario) where nombre_reto = 'resto_div' and nombre_usuario = 'Alumno7'),'2023-01-11 17:38:28',3,sec_to_time(72)),
((select id_usuario from usuario where nombre_usuario='Alumno8'),(select id_reto from reto inner join persona on nivel = curso inner join usuario using (id_usuario) where nombre_reto = 'resto_div' and nombre_usuario = 'Alumno8'),'2023-01-12 16:17:06',2,sec_to_time(34)),
((select id_usuario from usuario where nombre_usuario='Alumno9'),(select id_reto from reto inner join persona on nivel = curso inner join usuario using (id_usuario) where nombre_reto = 'resto_div' and nombre_usuario = 'Alumno9'),'2023-02-22 17:47:29',5,sec_to_time(28)),
((select id_usuario from usuario where nombre_usuario='Alumno10'),(select id_reto from reto inner join persona on nivel = curso inner join usuario using (id_usuario) where nombre_reto = 'resto_div' and nombre_usuario = 'Alumno10'),'2023-03-23 13:30:45',0,sec_to_time(63)),
((select id_usuario from usuario where nombre_usuario='Alumno11'),(select id_reto from reto inner join persona on nivel = curso inner join usuario using (id_usuario) where nombre_reto = 'resto_div' and nombre_usuario = 'Alumno11'),'2023-02-08 15:59:52',0,sec_to_time(69)),
((select id_usuario from usuario where nombre_usuario='Alumno12'),(select id_reto from reto inner join persona on nivel = curso inner join usuario using (id_usuario) where nombre_reto = 'resto_div' and nombre_usuario = 'Alumno12'),'2023-03-16 19:24:06',0,sec_to_time(72));