use BBDD;
insert into usuario (nombre_usuario,contrasena,alias) values
('Cbarrios',md5(12345),'AliasKaren'),
('Despinosa',md5(12345),'AliasDaniel'),
('Rgutierrez',md5(12345),'AliasRa'),
('Adiez',md5(12345),'TerciodeMarte'),
('Amartinez',md5(12345),'AliasAmartinez'),
('Alumno1',md5(12345),'AliasAl1'),
('Alumno2',md5(12345),'AliasAl2'),
('Alumno3',md5(12345),'AliasAl3'),
('Alumno4',md5(12345),'AliasAl4'),
('Alumno5',md5(12345),'AliasAl5'),
('Alumno6',md5(12345),'AliasAl6'),
('Alumno7',md5(12345),'AliasAl7'),
('Alumno8',md5(12345),'AliasAl8'),
('Alumno9',md5(12345),'AliasAl9'),
('Alumno10',md5(12345),'AliasAl10'),
('Alumno11',md5(12346),'AliasAl11'),
('Alumno12',md5(12347),'AliasAl12');

insert into persona(id_usuario,nombre,apellido1,apellido2,dni,curso,fecha_naci,profesor,email) values
((select id_usuario from usuario where nombre_usuario='Cbarrios'),'Carmen','Barrios','Fernández','12345678T',1,20000419,0,'123@asd.es'),
((select id_usuario from usuario where nombre_usuario='Despinosa'),'Daniel','Espinosa','García','98765432F',2,19830409,0,'987@asd.es'),
((select id_usuario from usuario where nombre_usuario='Rgutierrez'),'Ramiro','Gutierrez','Valverde','23456789F',3,20001213,0,'234@asd.es'),
((select id_usuario from usuario where nombre_usuario='Adiez'),'Albano','Díez','Paulino','87654321Z',4,20000818,0,'876@asd.es'),
((select id_usuario from usuario where nombre_usuario='Amartinez'),'Andrés','Martínez','González','45678932L',1,19950507,1,'amg456@gmail.com'),
((select id_usuario from usuario where nombre_usuario='Alumno1'),'NomAlumno1','Ap1Alumno1','Ap2Alumno1','12345678A',1,19840315,0,'email1@email.es'),
((select id_usuario from usuario where nombre_usuario='Alumno2'),'NomAlumno2','Ap1Alumno2','Ap2Alumno2','12345678B',2,19830409,0,'email2@email.es'),
((select id_usuario from usuario where nombre_usuario='Alumno3'),'NomAlumno3','Ap1Alumno3','Ap2Alumno3','12345678C',3,19990112,0,'email3@email.es'),
((select id_usuario from usuario where nombre_usuario='Alumno4'),'NomAlumno4','Ap1Alumno4','Ap2Alumno4','12345678D',4,20000213,0,'email4@email.es'),
((select id_usuario from usuario where nombre_usuario='Alumno5'),'NomAlumno5','Ap1Alumno5','Ap2Alumno5','12345678E',1,20000314,0,'email5@email.es'),
((select id_usuario from usuario where nombre_usuario='Alumno6'),'NomAlumno6','Ap1Alumno6','Ap2Alumno6','12345678F',2,20000415,0,'email6@email.es'),
((select id_usuario from usuario where nombre_usuario='Alumno7'),'NomAlumno7','Ap1Alumno7','Ap2Alumno7','12345678G',3,20000516,0,'email7@email.es'),
((select id_usuario from usuario where nombre_usuario='Alumno8'),'NomAlumno8','Ap1Alumno8','Ap2Alumno8','12345678H',4,20000617,0,'email8@email.es'),
((select id_usuario from usuario where nombre_usuario='Alumno9'),'NomAlumno9','Ap1Alumno9','Ap2Alumno9','12345678I',1,20000718,0,'email9@email.es'),
((select id_usuario from usuario where nombre_usuario='Alumno10'),'NomAlumno10','Ap1Alumno10','Ap2Alumno10','12345678J',2,20000819,0,'email10@email.es'),
((select id_usuario from usuario where nombre_usuario='Alumno11'),'NomAlumno11','Ap1Alumno11','Ap2Alumno11','12345678K',3,20000920,0,'email11@email.es'),
((select id_usuario from usuario where nombre_usuario='Alumno12'),'NomAlumno12','Ap1Alumno12','Ap2Alumno12','12345678L',4,20001021,0,'email12@email.es');

insert into ajuste (usuario,sonido) values
((select id_usuario from usuario where nombre_usuario='Cbarrios'),0),
((select id_usuario from usuario where nombre_usuario='Despinosa'),0),
((select id_usuario from usuario where nombre_usuario='Rgutierrez'),0),
((select id_usuario from usuario where nombre_usuario='Adiez'),0),
((select id_usuario from usuario where nombre_usuario='Amartinez'),0),
((select id_usuario from usuario where nombre_usuario='Alumno1'),0),
((select id_usuario from usuario where nombre_usuario='Alumno2'),0),
((select id_usuario from usuario where nombre_usuario='Alumno3'),0),
((select id_usuario from usuario where nombre_usuario='Alumno4'),0),
((select id_usuario from usuario where nombre_usuario='Alumno5'),0),
((select id_usuario from usuario where nombre_usuario='Alumno6'),0),
((select id_usuario from usuario where nombre_usuario='Alumno7'),0),
((select id_usuario from usuario where nombre_usuario='Alumno8'),0),
((select id_usuario from usuario where nombre_usuario='Alumno9'),0),
((select id_usuario from usuario where nombre_usuario='Alumno10'),0),
((select id_usuario from usuario where nombre_usuario='Alumno11'),0),
((select id_usuario from usuario where nombre_usuario='Alumno12'),0);


insert into reto (nombre_reto,nivel) values
('calculo',1),
('calculo',2),
('calculo',3),
('calculo',4),
('euclides',1),
('euclides',2),
('euclides',3),
('euclides',4),
('resto_div',1),
('resto_div',2),
('resto_div',3),
('resto_div',4);

-- Generados aleatoriamente datos para la tabla calculo.
insert into calculo(jugador,reto,fecha_hora,aciertos,tiempo_partida) values
((select id_usuario from usuario where nombre_usuario='Cbarrios'),(select id_reto from reto inner join persona on nivel = curso inner join usuario using (id_usuario) where nombre_reto = 'calculo' and nombre_usuario = 'Cbarrios'),'2023-01-11 20:23:28',20,sec_to_time(51)),
((select id_usuario from usuario where nombre_usuario='Despinosa'),(select id_reto from reto inner join persona on nivel = curso inner join usuario using (id_usuario) where nombre_reto = 'calculo' and nombre_usuario = 'Despinosa'),'2023-10-24 08:57:40',19,sec_to_time(74)),
((select id_usuario from usuario where nombre_usuario='Rgutierrez'),(select id_reto from reto inner join persona on nivel = curso inner join usuario using (id_usuario) where nombre_reto = 'calculo' and nombre_usuario = 'Rgutierrez'),'2023-10-20 13:29:12',3,sec_to_time(44)),
((select id_usuario from usuario where nombre_usuario='Adiez'),(select id_reto from reto inner join persona on nivel = curso inner join usuario using (id_usuario) where nombre_reto = 'calculo' and nombre_usuario = 'Adiez'),'2023-03-17 08:24:20',4,sec_to_time(25)),
((select id_usuario from usuario where nombre_usuario='Alumno1'),(select id_reto from reto inner join persona on nivel = curso inner join usuario using (id_usuario) where nombre_reto = 'calculo' and nombre_usuario = 'Alumno1'),'2023-09-25 12:19:56',20,sec_to_time(44)),
((select id_usuario from usuario where nombre_usuario='Alumno2'),(select id_reto from reto inner join persona on nivel = curso inner join usuario using (id_usuario) where nombre_reto = 'calculo' and nombre_usuario = 'Alumno2'),'2023-11-06 17:32:18',4,sec_to_time(44)),
((select id_usuario from usuario where nombre_usuario='Alumno3'),(select id_reto from reto inner join persona on nivel = curso inner join usuario using (id_usuario) where nombre_reto = 'calculo' and nombre_usuario = 'Alumno3'),'2023-08-05 20:08:24',17,sec_to_time(27)),
((select id_usuario from usuario where nombre_usuario='Alumno4'),(select id_reto from reto inner join persona on nivel = curso inner join usuario using (id_usuario) where nombre_reto = 'calculo' and nombre_usuario = 'Alumno4'),'2023-02-13 20:20:26',9,sec_to_time(77)),
((select id_usuario from usuario where nombre_usuario='Alumno5'),(select id_reto from reto inner join persona on nivel = curso inner join usuario using (id_usuario) where nombre_reto = 'calculo' and nombre_usuario = 'Alumno5'),'2023-04-19 10:08:16',25,sec_to_time(57)),
((select id_usuario from usuario where nombre_usuario='Alumno6'),(select id_reto from reto inner join persona on nivel = curso inner join usuario using (id_usuario) where nombre_reto = 'calculo' and nombre_usuario = 'Alumno6'),'2023-03-06 19:09:50',21,sec_to_time(58)),
((select id_usuario from usuario where nombre_usuario='Alumno7'),(select id_reto from reto inner join persona on nivel = curso inner join usuario using (id_usuario) where nombre_reto = 'calculo' and nombre_usuario = 'Alumno7'),'2023-01-19 08:03:05',5,sec_to_time(29)),
((select id_usuario from usuario where nombre_usuario='Alumno8'),(select id_reto from reto inner join persona on nivel = curso inner join usuario using (id_usuario) where nombre_reto = 'calculo' and nombre_usuario = 'Alumno8'),'2023-11-05 19:18:44',10,sec_to_time(45)),
((select id_usuario from usuario where nombre_usuario='Alumno9'),(select id_reto from reto inner join persona on nivel = curso inner join usuario using (id_usuario) where nombre_reto = 'calculo' and nombre_usuario = 'Alumno9'),'2023-06-19 10:37:09',25,sec_to_time(60)),
((select id_usuario from usuario where nombre_usuario='Alumno10'),(select id_reto from reto inner join persona on nivel = curso inner join usuario using (id_usuario) where nombre_reto = 'calculo' and nombre_usuario = 'Alumno10'),'2023-10-11 10:08:13',17,sec_to_time(26)),
((select id_usuario from usuario where nombre_usuario='Alumno11'),(select id_reto from reto inner join persona on nivel = curso inner join usuario using (id_usuario) where nombre_reto = 'calculo' and nombre_usuario = 'Alumno11'),'2023-12-13 19:37:31',5,sec_to_time(42)),
((select id_usuario from usuario where nombre_usuario='Alumno12'),(select id_reto from reto inner join persona on nivel = curso inner join usuario using (id_usuario) where nombre_reto = 'calculo' and nombre_usuario = 'Alumno12'),'2023-09-09 20:27:33',20,sec_to_time(43)),
((select id_usuario from usuario where nombre_usuario='Cbarrios'),(select id_reto from reto inner join persona on nivel = curso inner join usuario using (id_usuario) where nombre_reto = 'calculo' and nombre_usuario = 'Cbarrios'),'2023-02-28 20:31:59',4,sec_to_time(43)),
((select id_usuario from usuario where nombre_usuario='Despinosa'),(select id_reto from reto inner join persona on nivel = curso inner join usuario using (id_usuario) where nombre_reto = 'calculo' and nombre_usuario = 'Despinosa'),'2023-02-17 08:23:40',1,sec_to_time(40)),
((select id_usuario from usuario where nombre_usuario='Rgutierrez'),(select id_reto from reto inner join persona on nivel = curso inner join usuario using (id_usuario) where nombre_reto = 'calculo' and nombre_usuario = 'Rgutierrez'),'2023-08-22 13:59:51',11,sec_to_time(32)),
((select id_usuario from usuario where nombre_usuario='Adiez'),(select id_reto from reto inner join persona on nivel = curso inner join usuario using (id_usuario) where nombre_reto = 'calculo' and nombre_usuario = 'Adiez'),'2023-05-03 15:09:46',20,sec_to_time(74)),
((select id_usuario from usuario where nombre_usuario='Alumno1'),(select id_reto from reto inner join persona on nivel = curso inner join usuario using (id_usuario) where nombre_reto = 'calculo' and nombre_usuario = 'Alumno1'),'2023-10-01 12:08:45',18,sec_to_time(68)),
((select id_usuario from usuario where nombre_usuario='Alumno2'),(select id_reto from reto inner join persona on nivel = curso inner join usuario using (id_usuario) where nombre_reto = 'calculo' and nombre_usuario = 'Alumno2'),'2023-06-13 12:13:51',17,sec_to_time(62)),
((select id_usuario from usuario where nombre_usuario='Alumno3'),(select id_reto from reto inner join persona on nivel = curso inner join usuario using (id_usuario) where nombre_reto = 'calculo' and nombre_usuario = 'Alumno3'),'2023-09-04 20:08:19',14,sec_to_time(17)),
((select id_usuario from usuario where nombre_usuario='Alumno4'),(select id_reto from reto inner join persona on nivel = curso inner join usuario using (id_usuario) where nombre_reto = 'calculo' and nombre_usuario = 'Alumno4'),'2023-11-24 17:33:52',20,sec_to_time(20)),
((select id_usuario from usuario where nombre_usuario='Alumno5'),(select id_reto from reto inner join persona on nivel = curso inner join usuario using (id_usuario) where nombre_reto = 'calculo' and nombre_usuario = 'Alumno5'),'2023-07-08 20:43:02',10,sec_to_time(22)),
((select id_usuario from usuario where nombre_usuario='Alumno6'),(select id_reto from reto inner join persona on nivel = curso inner join usuario using (id_usuario) where nombre_reto = 'calculo' and nombre_usuario = 'Alumno6'),'2023-10-09 21:32:46',6,sec_to_time(55)),
((select id_usuario from usuario where nombre_usuario='Alumno7'),(select id_reto from reto inner join persona on nivel = curso inner join usuario using (id_usuario) where nombre_reto = 'calculo' and nombre_usuario = 'Alumno7'),'2023-07-19 14:10:44',1,sec_to_time(63)),
((select id_usuario from usuario where nombre_usuario='Alumno8'),(select id_reto from reto inner join persona on nivel = curso inner join usuario using (id_usuario) where nombre_reto = 'calculo' and nombre_usuario = 'Alumno8'),'2023-05-11 13:05:03',20,sec_to_time(50)),
((select id_usuario from usuario where nombre_usuario='Alumno9'),(select id_reto from reto inner join persona on nivel = curso inner join usuario using (id_usuario) where nombre_reto = 'calculo' and nombre_usuario = 'Alumno9'),'2023-07-24 13:13:26',20,sec_to_time(5)),
((select id_usuario from usuario where nombre_usuario='Alumno10'),(select id_reto from reto inner join persona on nivel = curso inner join usuario using (id_usuario) where nombre_reto = 'calculo' and nombre_usuario = 'Alumno10'),'2023-01-01 13:10:16',12,sec_to_time(55)),
((select id_usuario from usuario where nombre_usuario='Alumno11'),(select id_reto from reto inner join persona on nivel = curso inner join usuario using (id_usuario) where nombre_reto = 'calculo' and nombre_usuario = 'Alumno11'),'2023-09-06 19:37:07',15,sec_to_time(53)),
((select id_usuario from usuario where nombre_usuario='Alumno12'),(select id_reto from reto inner join persona on nivel = curso inner join usuario using (id_usuario) where nombre_reto = 'calculo' and nombre_usuario = 'Alumno12'),'2023-02-17 20:10:22',4,sec_to_time(52)),
((select id_usuario from usuario where nombre_usuario='Cbarrios'),(select id_reto from reto inner join persona on nivel = curso inner join usuario using (id_usuario) where nombre_reto = 'calculo' and nombre_usuario = 'Cbarrios'),'2023-09-20 20:24:11',24,sec_to_time(57)),
((select id_usuario from usuario where nombre_usuario='Despinosa'),(select id_reto from reto inner join persona on nivel = curso inner join usuario using (id_usuario) where nombre_reto = 'calculo' and nombre_usuario = 'Despinosa'),'2023-08-22 21:53:55',24,sec_to_time(39)),
((select id_usuario from usuario where nombre_usuario='Rgutierrez'),(select id_reto from reto inner join persona on nivel = curso inner join usuario using (id_usuario) where nombre_reto = 'calculo' and nombre_usuario = 'Rgutierrez'),'2023-08-22 13:32:44',16,sec_to_time(10)),
((select id_usuario from usuario where nombre_usuario='Adiez'),(select id_reto from reto inner join persona on nivel = curso inner join usuario using (id_usuario) where nombre_reto = 'calculo' and nombre_usuario = 'Adiez'),'2023-07-20 15:15:19',21,sec_to_time(42)),
((select id_usuario from usuario where nombre_usuario='Alumno1'),(select id_reto from reto inner join persona on nivel = curso inner join usuario using (id_usuario) where nombre_reto = 'calculo' and nombre_usuario = 'Alumno1'),'2023-09-01 09:57:07',10,sec_to_time(62)),
((select id_usuario from usuario where nombre_usuario='Alumno2'),(select id_reto from reto inner join persona on nivel = curso inner join usuario using (id_usuario) where nombre_reto = 'calculo' and nombre_usuario = 'Alumno2'),'2023-10-06 18:10:34',9,sec_to_time(73)),
((select id_usuario from usuario where nombre_usuario='Alumno3'),(select id_reto from reto inner join persona on nivel = curso inner join usuario using (id_usuario) where nombre_reto = 'calculo' and nombre_usuario = 'Alumno3'),'2023-02-14 10:26:40',21,sec_to_time(61)),
((select id_usuario from usuario where nombre_usuario='Alumno4'),(select id_reto from reto inner join persona on nivel = curso inner join usuario using (id_usuario) where nombre_reto = 'calculo' and nombre_usuario = 'Alumno4'),'2023-09-21 17:12:09',8,sec_to_time(66)),
((select id_usuario from usuario where nombre_usuario='Alumno5'),(select id_reto from reto inner join persona on nivel = curso inner join usuario using (id_usuario) where nombre_reto = 'calculo' and nombre_usuario = 'Alumno5'),'2023-05-22 21:51:33',5,sec_to_time(32)),
((select id_usuario from usuario where nombre_usuario='Alumno6'),(select id_reto from reto inner join persona on nivel = curso inner join usuario using (id_usuario) where nombre_reto = 'calculo' and nombre_usuario = 'Alumno6'),'2023-09-06 21:42:22',15,sec_to_time(12)),
((select id_usuario from usuario where nombre_usuario='Alumno7'),(select id_reto from reto inner join persona on nivel = curso inner join usuario using (id_usuario) where nombre_reto = 'calculo' and nombre_usuario = 'Alumno7'),'2023-03-27 10:20:45',5,sec_to_time(72)),
((select id_usuario from usuario where nombre_usuario='Alumno8'),(select id_reto from reto inner join persona on nivel = curso inner join usuario using (id_usuario) where nombre_reto = 'calculo' and nombre_usuario = 'Alumno8'),'2023-01-17 14:01:26',4,sec_to_time(62)),
((select id_usuario from usuario where nombre_usuario='Alumno9'),(select id_reto from reto inner join persona on nivel = curso inner join usuario using (id_usuario) where nombre_reto = 'calculo' and nombre_usuario = 'Alumno9'),'2023-03-23 14:16:32',15,sec_to_time(58)),
((select id_usuario from usuario where nombre_usuario='Alumno10'),(select id_reto from reto inner join persona on nivel = curso inner join usuario using (id_usuario) where nombre_reto = 'calculo' and nombre_usuario = 'Alumno10'),'2023-05-11 12:55:31',20,sec_to_time(24)),
((select id_usuario from usuario where nombre_usuario='Alumno11'),(select id_reto from reto inner join persona on nivel = curso inner join usuario using (id_usuario) where nombre_reto = 'calculo' and nombre_usuario = 'Alumno11'),'2023-06-25 19:18:21',16,sec_to_time(13)),
((select id_usuario from usuario where nombre_usuario='Alumno12'),(select id_reto from reto inner join persona on nivel = curso inner join usuario using (id_usuario) where nombre_reto = 'calculo' and nombre_usuario = 'Alumno12'),'2023-08-18 09:04:13',17,sec_to_time(62)),
((select id_usuario from usuario where nombre_usuario='Cbarrios'),(select id_reto from reto inner join persona on nivel = curso inner join usuario using (id_usuario) where nombre_reto = 'calculo' and nombre_usuario = 'Cbarrios'),'2023-01-01 21:14:14',6,sec_to_time(26)),
((select id_usuario from usuario where nombre_usuario='Despinosa'),(select id_reto from reto inner join persona on nivel = curso inner join usuario using (id_usuario) where nombre_reto = 'calculo' and nombre_usuario = 'Despinosa'),'2023-10-09 21:21:49',13,sec_to_time(11)),
((select id_usuario from usuario where nombre_usuario='Rgutierrez'),(select id_reto from reto inner join persona on nivel = curso inner join usuario using (id_usuario) where nombre_reto = 'calculo' and nombre_usuario = 'Rgutierrez'),'2023-11-21 09:54:20',23,sec_to_time(57)),
((select id_usuario from usuario where nombre_usuario='Adiez'),(select id_reto from reto inner join persona on nivel = curso inner join usuario using (id_usuario) where nombre_reto = 'calculo' and nombre_usuario = 'Adiez'),'2023-08-05 11:17:51',15,sec_to_time(27)),
((select id_usuario from usuario where nombre_usuario='Alumno1'),(select id_reto from reto inner join persona on nivel = curso inner join usuario using (id_usuario) where nombre_reto = 'calculo' and nombre_usuario = 'Alumno1'),'2023-07-22 08:07:57',24,sec_to_time(78)),
((select id_usuario from usuario where nombre_usuario='Alumno2'),(select id_reto from reto inner join persona on nivel = curso inner join usuario using (id_usuario) where nombre_reto = 'calculo' and nombre_usuario = 'Alumno2'),'2023-09-07 18:02:56',16,sec_to_time(23)),
((select id_usuario from usuario where nombre_usuario='Alumno3'),(select id_reto from reto inner join persona on nivel = curso inner join usuario using (id_usuario) where nombre_reto = 'calculo' and nombre_usuario = 'Alumno3'),'2023-11-09 14:47:52',17,sec_to_time(36)),
((select id_usuario from usuario where nombre_usuario='Alumno4'),(select id_reto from reto inner join persona on nivel = curso inner join usuario using (id_usuario) where nombre_reto = 'calculo' and nombre_usuario = 'Alumno4'),'2023-06-24 19:05:43',25,sec_to_time(35)),
((select id_usuario from usuario where nombre_usuario='Alumno5'),(select id_reto from reto inner join persona on nivel = curso inner join usuario using (id_usuario) where nombre_reto = 'calculo' and nombre_usuario = 'Alumno5'),'2023-06-23 10:37:43',22,sec_to_time(67)),
((select id_usuario from usuario where nombre_usuario='Alumno6'),(select id_reto from reto inner join persona on nivel = curso inner join usuario using (id_usuario) where nombre_reto = 'calculo' and nombre_usuario = 'Alumno6'),'2023-10-10 14:02:02',21,sec_to_time(11)),
((select id_usuario from usuario where nombre_usuario='Alumno7'),(select id_reto from reto inner join persona on nivel = curso inner join usuario using (id_usuario) where nombre_reto = 'calculo' and nombre_usuario = 'Alumno7'),'2023-04-02 17:17:38',8,sec_to_time(16)),
((select id_usuario from usuario where nombre_usuario='Alumno8'),(select id_reto from reto inner join persona on nivel = curso inner join usuario using (id_usuario) where nombre_reto = 'calculo' and nombre_usuario = 'Alumno8'),'2023-11-28 16:16:11',4,sec_to_time(44)),
((select id_usuario from usuario where nombre_usuario='Alumno9'),(select id_reto from reto inner join persona on nivel = curso inner join usuario using (id_usuario) where nombre_reto = 'calculo' and nombre_usuario = 'Alumno9'),'2023-03-22 15:42:05',3,sec_to_time(39)),
((select id_usuario from usuario where nombre_usuario='Alumno10'),(select id_reto from reto inner join persona on nivel = curso inner join usuario using (id_usuario) where nombre_reto = 'calculo' and nombre_usuario = 'Alumno10'),'2023-09-21 10:31:54',24,sec_to_time(70)),
((select id_usuario from usuario where nombre_usuario='Alumno11'),(select id_reto from reto inner join persona on nivel = curso inner join usuario using (id_usuario) where nombre_reto = 'calculo' and nombre_usuario = 'Alumno11'),'2023-04-13 17:30:18',6,sec_to_time(71)),
((select id_usuario from usuario where nombre_usuario='Alumno12'),(select id_reto from reto inner join persona on nivel = curso inner join usuario using (id_usuario) where nombre_reto = 'calculo' and nombre_usuario = 'Alumno12'),'2023-04-02 16:11:45',14,sec_to_time(16)),
((select id_usuario from usuario where nombre_usuario='Cbarrios'),(select id_reto from reto inner join persona on nivel = curso inner join usuario using (id_usuario) where nombre_reto = 'calculo' and nombre_usuario = 'Cbarrios'),'2023-08-28 09:47:22',8,sec_to_time(54)),
((select id_usuario from usuario where nombre_usuario='Despinosa'),(select id_reto from reto inner join persona on nivel = curso inner join usuario using (id_usuario) where nombre_reto = 'calculo' and nombre_usuario = 'Despinosa'),'2023-03-14 10:03:15',23,sec_to_time(56)),
((select id_usuario from usuario where nombre_usuario='Rgutierrez'),(select id_reto from reto inner join persona on nivel = curso inner join usuario using (id_usuario) where nombre_reto = 'calculo' and nombre_usuario = 'Rgutierrez'),'2023-03-16 10:06:44',7,sec_to_time(71)),
((select id_usuario from usuario where nombre_usuario='Adiez'),(select id_reto from reto inner join persona on nivel = curso inner join usuario using (id_usuario) where nombre_reto = 'calculo' and nombre_usuario = 'Adiez'),'2023-03-01 10:45:55',5,sec_to_time(51)),
((select id_usuario from usuario where nombre_usuario='Alumno1'),(select id_reto from reto inner join persona on nivel = curso inner join usuario using (id_usuario) where nombre_reto = 'calculo' and nombre_usuario = 'Alumno1'),'2023-11-23 16:38:06',1,sec_to_time(37)),
((select id_usuario from usuario where nombre_usuario='Alumno2'),(select id_reto from reto inner join persona on nivel = curso inner join usuario using (id_usuario) where nombre_reto = 'calculo' and nombre_usuario = 'Alumno2'),'2023-06-11 11:07:52',8,sec_to_time(19)),
((select id_usuario from usuario where nombre_usuario='Alumno3'),(select id_reto from reto inner join persona on nivel = curso inner join usuario using (id_usuario) where nombre_reto = 'calculo' and nombre_usuario = 'Alumno3'),'2023-11-07 11:55:37',9,sec_to_time(62)),
((select id_usuario from usuario where nombre_usuario='Alumno4'),(select id_reto from reto inner join persona on nivel = curso inner join usuario using (id_usuario) where nombre_reto = 'calculo' and nombre_usuario = 'Alumno4'),'2023-08-23 09:46:16',6,sec_to_time(15)),
((select id_usuario from usuario where nombre_usuario='Alumno5'),(select id_reto from reto inner join persona on nivel = curso inner join usuario using (id_usuario) where nombre_reto = 'calculo' and nombre_usuario = 'Alumno5'),'2023-07-24 18:34:58',15,sec_to_time(8)),
((select id_usuario from usuario where nombre_usuario='Alumno6'),(select id_reto from reto inner join persona on nivel = curso inner join usuario using (id_usuario) where nombre_reto = 'calculo' and nombre_usuario = 'Alumno6'),'2023-07-28 13:30:40',3,sec_to_time(17)),
((select id_usuario from usuario where nombre_usuario='Alumno7'),(select id_reto from reto inner join persona on nivel = curso inner join usuario using (id_usuario) where nombre_reto = 'calculo' and nombre_usuario = 'Alumno7'),'2023-05-16 08:20:29',15,sec_to_time(8)),
((select id_usuario from usuario where nombre_usuario='Alumno8'),(select id_reto from reto inner join persona on nivel = curso inner join usuario using (id_usuario) where nombre_reto = 'calculo' and nombre_usuario = 'Alumno8'),'2023-12-21 08:22:39',20,sec_to_time(15)),
((select id_usuario from usuario where nombre_usuario='Alumno9'),(select id_reto from reto inner join persona on nivel = curso inner join usuario using (id_usuario) where nombre_reto = 'calculo' and nombre_usuario = 'Alumno9'),'2023-06-17 15:48:25',1,sec_to_time(60)),
((select id_usuario from usuario where nombre_usuario='Alumno10'),(select id_reto from reto inner join persona on nivel = curso inner join usuario using (id_usuario) where nombre_reto = 'calculo' and nombre_usuario = 'Alumno10'),'2023-03-02 11:34:55',18,sec_to_time(56)),
((select id_usuario from usuario where nombre_usuario='Alumno11'),(select id_reto from reto inner join persona on nivel = curso inner join usuario using (id_usuario) where nombre_reto = 'calculo' and nombre_usuario = 'Alumno11'),'2023-04-09 13:40:00',9,sec_to_time(70)),
((select id_usuario from usuario where nombre_usuario='Alumno12'),(select id_reto from reto inner join persona on nivel = curso inner join usuario using (id_usuario) where nombre_reto = 'calculo' and nombre_usuario = 'Alumno12'),'2023-02-27 14:08:39',14,sec_to_time(9)),
((select id_usuario from usuario where nombre_usuario='Cbarrios'),(select id_reto from reto inner join persona on nivel = curso inner join usuario using (id_usuario) where nombre_reto = 'calculo' and nombre_usuario = 'Cbarrios'),'2023-06-10 08:30:53',11,sec_to_time(80)),
((select id_usuario from usuario where nombre_usuario='Despinosa'),(select id_reto from reto inner join persona on nivel = curso inner join usuario using (id_usuario) where nombre_reto = 'calculo' and nombre_usuario = 'Despinosa'),'2023-12-18 15:01:24',6,sec_to_time(34)),
((select id_usuario from usuario where nombre_usuario='Rgutierrez'),(select id_reto from reto inner join persona on nivel = curso inner join usuario using (id_usuario) where nombre_reto = 'calculo' and nombre_usuario = 'Rgutierrez'),'2023-06-04 15:54:32',12,sec_to_time(67)),
((select id_usuario from usuario where nombre_usuario='Adiez'),(select id_reto from reto inner join persona on nivel = curso inner join usuario using (id_usuario) where nombre_reto = 'calculo' and nombre_usuario = 'Adiez'),'2023-04-06 16:24:13',6,sec_to_time(44)),
((select id_usuario from usuario where nombre_usuario='Alumno1'),(select id_reto from reto inner join persona on nivel = curso inner join usuario using (id_usuario) where nombre_reto = 'calculo' and nombre_usuario = 'Alumno1'),'2023-01-04 16:53:34',8,sec_to_time(35)),
((select id_usuario from usuario where nombre_usuario='Alumno2'),(select id_reto from reto inner join persona on nivel = curso inner join usuario using (id_usuario) where nombre_reto = 'calculo' and nombre_usuario = 'Alumno2'),'2023-07-18 10:06:09',12,sec_to_time(32)),
((select id_usuario from usuario where nombre_usuario='Alumno3'),(select id_reto from reto inner join persona on nivel = curso inner join usuario using (id_usuario) where nombre_reto = 'calculo' and nombre_usuario = 'Alumno3'),'2023-07-23 13:21:24',21,sec_to_time(25)),
((select id_usuario from usuario where nombre_usuario='Alumno4'),(select id_reto from reto inner join persona on nivel = curso inner join usuario using (id_usuario) where nombre_reto = 'calculo' and nombre_usuario = 'Alumno4'),'2023-09-23 16:34:38',10,sec_to_time(71)),
((select id_usuario from usuario where nombre_usuario='Alumno5'),(select id_reto from reto inner join persona on nivel = curso inner join usuario using (id_usuario) where nombre_reto = 'calculo' and nombre_usuario = 'Alumno5'),'2023-07-19 14:17:22',18,sec_to_time(28)),
((select id_usuario from usuario where nombre_usuario='Alumno6'),(select id_reto from reto inner join persona on nivel = curso inner join usuario using (id_usuario) where nombre_reto = 'calculo' and nombre_usuario = 'Alumno6'),'2023-01-02 13:41:51',10,sec_to_time(80)),
((select id_usuario from usuario where nombre_usuario='Alumno7'),(select id_reto from reto inner join persona on nivel = curso inner join usuario using (id_usuario) where nombre_reto = 'calculo' and nombre_usuario = 'Alumno7'),'2023-03-19 08:54:08',2,sec_to_time(11)),
((select id_usuario from usuario where nombre_usuario='Alumno8'),(select id_reto from reto inner join persona on nivel = curso inner join usuario using (id_usuario) where nombre_reto = 'calculo' and nombre_usuario = 'Alumno8'),'2023-04-06 12:54:31',3,sec_to_time(66)),
((select id_usuario from usuario where nombre_usuario='Alumno9'),(select id_reto from reto inner join persona on nivel = curso inner join usuario using (id_usuario) where nombre_reto = 'calculo' and nombre_usuario = 'Alumno9'),'2023-04-02 13:16:18',11,sec_to_time(78)),
((select id_usuario from usuario where nombre_usuario='Alumno10'),(select id_reto from reto inner join persona on nivel = curso inner join usuario using (id_usuario) where nombre_reto = 'calculo' and nombre_usuario = 'Alumno10'),'2023-07-21 19:58:09',1,sec_to_time(77)),
((select id_usuario from usuario where nombre_usuario='Alumno11'),(select id_reto from reto inner join persona on nivel = curso inner join usuario using (id_usuario) where nombre_reto = 'calculo' and nombre_usuario = 'Alumno11'),'2023-06-16 14:04:06',10,sec_to_time(27)),
((select id_usuario from usuario where nombre_usuario='Alumno12'),(select id_reto from reto inner join persona on nivel = curso inner join usuario using (id_usuario) where nombre_reto = 'calculo' and nombre_usuario = 'Alumno12'),'2023-04-27 11:00:50',20,sec_to_time(55));



-- Generados aleatoriamente datos para la tabla restodiv.
insert into resto_div(jugador,reto,fecha_hora,aciertos,tiempo_partida) values
((select id_usuario from usuario where nombre_usuario='Cbarrios'),(select id_reto from reto inner join persona on nivel = curso inner join usuario using (id_usuario) where nombre_reto = 'resto_div' and nombre_usuario = 'Cbarrios'),'2023-01-07 18:02:03',4,sec_to_time(34)),
((select id_usuario from usuario where nombre_usuario='Despinosa'),(select id_reto from reto inner join persona on nivel = curso inner join usuario using (id_usuario) where nombre_reto = 'resto_div' and nombre_usuario = 'Despinosa'),'2023-01-01 21:02:27',5,sec_to_time(80)),
((select id_usuario from usuario where nombre_usuario='Rgutierrez'),(select id_reto from reto inner join persona on nivel = curso inner join usuario using (id_usuario) where nombre_reto = 'resto_div' and nombre_usuario = 'Rgutierrez'),'2023-01-18 17:29:39',0,sec_to_time(26)),
((select id_usuario from usuario where nombre_usuario='Adiez'),(select id_reto from reto inner join persona on nivel = curso inner join usuario using (id_usuario) where nombre_reto = 'resto_div' and nombre_usuario = 'Adiez'),'2023-03-13 08:28:23',3,sec_to_time(45)),
((select id_usuario from usuario where nombre_usuario='Alumno1'),(select id_reto from reto inner join persona on nivel = curso inner join usuario using (id_usuario) where nombre_reto = 'resto_div' and nombre_usuario = 'Alumno1'),'2023-02-09 20:59:59',5,sec_to_time(31)),
((select id_usuario from usuario where nombre_usuario='Alumno2'),(select id_reto from reto inner join persona on nivel = curso inner join usuario using (id_usuario) where nombre_reto = 'resto_div' and nombre_usuario = 'Alumno2'),'2023-02-26 16:03:22',4,sec_to_time(27)),
((select id_usuario from usuario where nombre_usuario='Alumno3'),(select id_reto from reto inner join persona on nivel = curso inner join usuario using (id_usuario) where nombre_reto = 'resto_div' and nombre_usuario = 'Alumno3'),'2023-03-23 10:59:04',1,sec_to_time(35)),
((select id_usuario from usuario where nombre_usuario='Alumno4'),(select id_reto from reto inner join persona on nivel = curso inner join usuario using (id_usuario) where nombre_reto = 'resto_div' and nombre_usuario = 'Alumno4'),'2023-03-26 15:54:24',4,sec_to_time(53)),
((select id_usuario from usuario where nombre_usuario='Alumno5'),(select id_reto from reto inner join persona on nivel = curso inner join usuario using (id_usuario) where nombre_reto = 'resto_div' and nombre_usuario = 'Alumno5'),'2023-01-26 10:38:37',5,sec_to_time(63)),
((select id_usuario from usuario where nombre_usuario='Alumno6'),(select id_reto from reto inner join persona on nivel = curso inner join usuario using (id_usuario) where nombre_reto = 'resto_div' and nombre_usuario = 'Alumno6'),'2023-03-08 12:40:55',1,sec_to_time(27)),
((select id_usuario from usuario where nombre_usuario='Alumno7'),(select id_reto from reto inner join persona on nivel = curso inner join usuario using (id_usuario) where nombre_reto = 'resto_div' and nombre_usuario = 'Alumno7'),'2023-02-16 09:26:39',5,sec_to_time(35)),
((select id_usuario from usuario where nombre_usuario='Alumno8'),(select id_reto from reto inner join persona on nivel = curso inner join usuario using (id_usuario) where nombre_reto = 'resto_div' and nombre_usuario = 'Alumno8'),'2023-01-16 15:21:39',3,sec_to_time(44)),
((select id_usuario from usuario where nombre_usuario='Alumno9'),(select id_reto from reto inner join persona on nivel = curso inner join usuario using (id_usuario) where nombre_reto = 'resto_div' and nombre_usuario = 'Alumno9'),'2023-03-16 14:55:25',2,sec_to_time(62)),
((select id_usuario from usuario where nombre_usuario='Alumno10'),(select id_reto from reto inner join persona on nivel = curso inner join usuario using (id_usuario) where nombre_reto = 'resto_div' and nombre_usuario = 'Alumno10'),'2023-02-11 12:08:02',3,sec_to_time(48)),
((select id_usuario from usuario where nombre_usuario='Alumno11'),(select id_reto from reto inner join persona on nivel = curso inner join usuario using (id_usuario) where nombre_reto = 'resto_div' and nombre_usuario = 'Alumno11'),'2023-03-25 15:44:37',4,sec_to_time(36)),
((select id_usuario from usuario where nombre_usuario='Alumno12'),(select id_reto from reto inner join persona on nivel = curso inner join usuario using (id_usuario) where nombre_reto = 'resto_div' and nombre_usuario = 'Alumno12'),'2023-03-03 19:37:39',3,sec_to_time(70)),
((select id_usuario from usuario where nombre_usuario='Cbarrios'),(select id_reto from reto inner join persona on nivel = curso inner join usuario using (id_usuario) where nombre_reto = 'resto_div' and nombre_usuario = 'Cbarrios'),'2023-01-04 13:49:27',4,sec_to_time(33)),
((select id_usuario from usuario where nombre_usuario='Despinosa'),(select id_reto from reto inner join persona on nivel = curso inner join usuario using (id_usuario) where nombre_reto = 'resto_div' and nombre_usuario = 'Despinosa'),'2023-01-03 11:23:03',3,sec_to_time(26)),
((select id_usuario from usuario where nombre_usuario='Rgutierrez'),(select id_reto from reto inner join persona on nivel = curso inner join usuario using (id_usuario) where nombre_reto = 'resto_div' and nombre_usuario = 'Rgutierrez'),'2023-01-13 19:39:07',1,sec_to_time(30)),
((select id_usuario from usuario where nombre_usuario='Adiez'),(select id_reto from reto inner join persona on nivel = curso inner join usuario using (id_usuario) where nombre_reto = 'resto_div' and nombre_usuario = 'Adiez'),'2023-01-07 19:28:01',5,sec_to_time(54)),
((select id_usuario from usuario where nombre_usuario='Alumno1'),(select id_reto from reto inner join persona on nivel = curso inner join usuario using (id_usuario) where nombre_reto = 'resto_div' and nombre_usuario = 'Alumno1'),'2023-01-25 10:28:48',2,sec_to_time(56)),
((select id_usuario from usuario where nombre_usuario='Alumno2'),(select id_reto from reto inner join persona on nivel = curso inner join usuario using (id_usuario) where nombre_reto = 'resto_div' and nombre_usuario = 'Alumno2'),'2023-03-23 10:26:12',4,sec_to_time(48)),
((select id_usuario from usuario where nombre_usuario='Alumno3'),(select id_reto from reto inner join persona on nivel = curso inner join usuario using (id_usuario) where nombre_reto = 'resto_div' and nombre_usuario = 'Alumno3'),'2023-03-22 15:42:35',2,sec_to_time(26)),
((select id_usuario from usuario where nombre_usuario='Alumno4'),(select id_reto from reto inner join persona on nivel = curso inner join usuario using (id_usuario) where nombre_reto = 'resto_div' and nombre_usuario = 'Alumno4'),'2023-02-18 21:58:33',2,sec_to_time(47)),
((select id_usuario from usuario where nombre_usuario='Alumno5'),(select id_reto from reto inner join persona on nivel = curso inner join usuario using (id_usuario) where nombre_reto = 'resto_div' and nombre_usuario = 'Alumno5'),'2023-01-23 17:30:52',4,sec_to_time(30)),
((select id_usuario from usuario where nombre_usuario='Alumno6'),(select id_reto from reto inner join persona on nivel = curso inner join usuario using (id_usuario) where nombre_reto = 'resto_div' and nombre_usuario = 'Alumno6'),'2023-03-24 17:58:39',2,sec_to_time(52)),
((select id_usuario from usuario where nombre_usuario='Alumno7'),(select id_reto from reto inner join persona on nivel = curso inner join usuario using (id_usuario) where nombre_reto = 'resto_div' and nombre_usuario = 'Alumno7'),'2023-02-28 15:30:54',4,sec_to_time(64)),
((select id_usuario from usuario where nombre_usuario='Alumno8'),(select id_reto from reto inner join persona on nivel = curso inner join usuario using (id_usuario) where nombre_reto = 'resto_div' and nombre_usuario = 'Alumno8'),'2023-02-15 20:22:23',1,sec_to_time(55)),
((select id_usuario from usuario where nombre_usuario='Alumno9'),(select id_reto from reto inner join persona on nivel = curso inner join usuario using (id_usuario) where nombre_reto = 'resto_div' and nombre_usuario = 'Alumno9'),'2023-02-23 18:15:32',5,sec_to_time(78)),
((select id_usuario from usuario where nombre_usuario='Alumno10'),(select id_reto from reto inner join persona on nivel = curso inner join usuario using (id_usuario) where nombre_reto = 'resto_div' and nombre_usuario = 'Alumno10'),'2023-02-11 20:37:20',3,sec_to_time(47)),
((select id_usuario from usuario where nombre_usuario='Alumno11'),(select id_reto from reto inner join persona on nivel = curso inner join usuario using (id_usuario) where nombre_reto = 'resto_div' and nombre_usuario = 'Alumno11'),'2023-03-21 13:15:35',1,sec_to_time(39)),
((select id_usuario from usuario where nombre_usuario='Alumno12'),(select id_reto from reto inner join persona on nivel = curso inner join usuario using (id_usuario) where nombre_reto = 'resto_div' and nombre_usuario = 'Alumno12'),'2023-03-10 12:42:54',0,sec_to_time(29)),
((select id_usuario from usuario where nombre_usuario='Cbarrios'),(select id_reto from reto inner join persona on nivel = curso inner join usuario using (id_usuario) where nombre_reto = 'resto_div' and nombre_usuario = 'Cbarrios'),'2023-03-22 21:01:02',0,sec_to_time(27)),
((select id_usuario from usuario where nombre_usuario='Despinosa'),(select id_reto from reto inner join persona on nivel = curso inner join usuario using (id_usuario) where nombre_reto = 'resto_div' and nombre_usuario = 'Despinosa'),'2023-03-01 13:52:22',1,sec_to_time(48)),
((select id_usuario from usuario where nombre_usuario='Rgutierrez'),(select id_reto from reto inner join persona on nivel = curso inner join usuario using (id_usuario) where nombre_reto = 'resto_div' and nombre_usuario = 'Rgutierrez'),'2023-03-26 19:56:15',0,sec_to_time(43)),
((select id_usuario from usuario where nombre_usuario='Adiez'),(select id_reto from reto inner join persona on nivel = curso inner join usuario using (id_usuario) where nombre_reto = 'resto_div' and nombre_usuario = 'Adiez'),'2023-02-11 13:37:33',3,sec_to_time(65)),
((select id_usuario from usuario where nombre_usuario='Alumno1'),(select id_reto from reto inner join persona on nivel = curso inner join usuario using (id_usuario) where nombre_reto = 'resto_div' and nombre_usuario = 'Alumno1'),'2023-01-11 21:12:26',5,sec_to_time(75)),
((select id_usuario from usuario where nombre_usuario='Alumno2'),(select id_reto from reto inner join persona on nivel = curso inner join usuario using (id_usuario) where nombre_reto = 'resto_div' and nombre_usuario = 'Alumno2'),'2023-02-28 11:21:56',0,sec_to_time(70)),
((select id_usuario from usuario where nombre_usuario='Alumno3'),(select id_reto from reto inner join persona on nivel = curso inner join usuario using (id_usuario) where nombre_reto = 'resto_div' and nombre_usuario = 'Alumno3'),'2023-03-13 09:40:55',4,sec_to_time(72)),
((select id_usuario from usuario where nombre_usuario='Alumno4'),(select id_reto from reto inner join persona on nivel = curso inner join usuario using (id_usuario) where nombre_reto = 'resto_div' and nombre_usuario = 'Alumno4'),'2023-03-28 18:12:20',2,sec_to_time(72)),
((select id_usuario from usuario where nombre_usuario='Alumno5'),(select id_reto from reto inner join persona on nivel = curso inner join usuario using (id_usuario) where nombre_reto = 'resto_div' and nombre_usuario = 'Alumno5'),'2023-02-03 17:21:49',0,sec_to_time(63)),
((select id_usuario from usuario where nombre_usuario='Alumno6'),(select id_reto from reto inner join persona on nivel = curso inner join usuario using (id_usuario) where nombre_reto = 'resto_div' and nombre_usuario = 'Alumno6'),'2023-02-11 11:42:01',0,sec_to_time(33)),
((select id_usuario from usuario where nombre_usuario='Alumno7'),(select id_reto from reto inner join persona on nivel = curso inner join usuario using (id_usuario) where nombre_reto = 'resto_div' and nombre_usuario = 'Alumno7'),'2023-03-09 09:07:12',1,sec_to_time(60)),
((select id_usuario from usuario where nombre_usuario='Alumno8'),(select id_reto from reto inner join persona on nivel = curso inner join usuario using (id_usuario) where nombre_reto = 'resto_div' and nombre_usuario = 'Alumno8'),'2023-01-27 15:41:32',4,sec_to_time(28)),
((select id_usuario from usuario where nombre_usuario='Alumno9'),(select id_reto from reto inner join persona on nivel = curso inner join usuario using (id_usuario) where nombre_reto = 'resto_div' and nombre_usuario = 'Alumno9'),'2023-02-06 11:30:44',4,sec_to_time(57)),
((select id_usuario from usuario where nombre_usuario='Alumno10'),(select id_reto from reto inner join persona on nivel = curso inner join usuario using (id_usuario) where nombre_reto = 'resto_div' and nombre_usuario = 'Alumno10'),'2023-02-22 20:55:33',5,sec_to_time(28)),
((select id_usuario from usuario where nombre_usuario='Alumno11'),(select id_reto from reto inner join persona on nivel = curso inner join usuario using (id_usuario) where nombre_reto = 'resto_div' and nombre_usuario = 'Alumno11'),'2023-03-23 14:52:22',5,sec_to_time(39)),
((select id_usuario from usuario where nombre_usuario='Alumno12'),(select id_reto from reto inner join persona on nivel = curso inner join usuario using (id_usuario) where nombre_reto = 'resto_div' and nombre_usuario = 'Alumno12'),'2023-02-05 19:34:53',1,sec_to_time(71)),
((select id_usuario from usuario where nombre_usuario='Cbarrios'),(select id_reto from reto inner join persona on nivel = curso inner join usuario using (id_usuario) where nombre_reto = 'resto_div' and nombre_usuario = 'Cbarrios'),'2023-02-12 15:56:41',0,sec_to_time(67)),
((select id_usuario from usuario where nombre_usuario='Despinosa'),(select id_reto from reto inner join persona on nivel = curso inner join usuario using (id_usuario) where nombre_reto = 'resto_div' and nombre_usuario = 'Despinosa'),'2023-02-03 12:56:12',3,sec_to_time(40)),
((select id_usuario from usuario where nombre_usuario='Rgutierrez'),(select id_reto from reto inner join persona on nivel = curso inner join usuario using (id_usuario) where nombre_reto = 'resto_div' and nombre_usuario = 'Rgutierrez'),'2023-03-19 13:41:54',1,sec_to_time(29)),
((select id_usuario from usuario where nombre_usuario='Adiez'),(select id_reto from reto inner join persona on nivel = curso inner join usuario using (id_usuario) where nombre_reto = 'resto_div' and nombre_usuario = 'Adiez'),'2023-01-03 16:03:06',4,sec_to_time(52)),
((select id_usuario from usuario where nombre_usuario='Alumno1'),(select id_reto from reto inner join persona on nivel = curso inner join usuario using (id_usuario) where nombre_reto = 'resto_div' and nombre_usuario = 'Alumno1'),'2023-01-26 17:01:08',5,sec_to_time(65)),
((select id_usuario from usuario where nombre_usuario='Alumno2'),(select id_reto from reto inner join persona on nivel = curso inner join usuario using (id_usuario) where nombre_reto = 'resto_div' and nombre_usuario = 'Alumno2'),'2023-03-17 18:13:57',0,sec_to_time(28)),
((select id_usuario from usuario where nombre_usuario='Alumno3'),(select id_reto from reto inner join persona on nivel = curso inner join usuario using (id_usuario) where nombre_reto = 'resto_div' and nombre_usuario = 'Alumno3'),'2023-01-10 17:22:34',0,sec_to_time(46)),
((select id_usuario from usuario where nombre_usuario='Alumno4'),(select id_reto from reto inner join persona on nivel = curso inner join usuario using (id_usuario) where nombre_reto = 'resto_div' and nombre_usuario = 'Alumno4'),'2023-02-23 19:07:52',1,sec_to_time(73)),
((select id_usuario from usuario where nombre_usuario='Alumno5'),(select id_reto from reto inner join persona on nivel = curso inner join usuario using (id_usuario) where nombre_reto = 'resto_div' and nombre_usuario = 'Alumno5'),'2023-03-16 14:28:22',3,sec_to_time(68)),
((select id_usuario from usuario where nombre_usuario='Alumno6'),(select id_reto from reto inner join persona on nivel = curso inner join usuario using (id_usuario) where nombre_reto = 'resto_div' and nombre_usuario = 'Alumno6'),'2023-02-16 13:14:30',0,sec_to_time(69)),
((select id_usuario from usuario where nombre_usuario='Alumno7'),(select id_reto from reto inner join persona on nivel = curso inner join usuario using (id_usuario) where nombre_reto = 'resto_div' and nombre_usuario = 'Alumno7'),'2023-03-12 20:31:58',0,sec_to_time(42)),
((select id_usuario from usuario where nombre_usuario='Alumno8'),(select id_reto from reto inner join persona on nivel = curso inner join usuario using (id_usuario) where nombre_reto = 'resto_div' and nombre_usuario = 'Alumno8'),'2023-03-11 17:58:34',5,sec_to_time(34)),
((select id_usuario from usuario where nombre_usuario='Alumno9'),(select id_reto from reto inner join persona on nivel = curso inner join usuario using (id_usuario) where nombre_reto = 'resto_div' and nombre_usuario = 'Alumno9'),'2023-03-01 11:23:56',1,sec_to_time(61)),
((select id_usuario from usuario where nombre_usuario='Alumno10'),(select id_reto from reto inner join persona on nivel = curso inner join usuario using (id_usuario) where nombre_reto = 'resto_div' and nombre_usuario = 'Alumno10'),'2023-03-05 20:57:13',1,sec_to_time(62)),
((select id_usuario from usuario where nombre_usuario='Alumno11'),(select id_reto from reto inner join persona on nivel = curso inner join usuario using (id_usuario) where nombre_reto = 'resto_div' and nombre_usuario = 'Alumno11'),'2023-01-18 21:23:54',2,sec_to_time(61)),
((select id_usuario from usuario where nombre_usuario='Alumno12'),(select id_reto from reto inner join persona on nivel = curso inner join usuario using (id_usuario) where nombre_reto = 'resto_div' and nombre_usuario = 'Alumno12'),'2023-03-21 17:04:35',3,sec_to_time(75)),
((select id_usuario from usuario where nombre_usuario='Cbarrios'),(select id_reto from reto inner join persona on nivel = curso inner join usuario using (id_usuario) where nombre_reto = 'resto_div' and nombre_usuario = 'Cbarrios'),'2023-01-12 16:54:11',5,sec_to_time(33)),
((select id_usuario from usuario where nombre_usuario='Despinosa'),(select id_reto from reto inner join persona on nivel = curso inner join usuario using (id_usuario) where nombre_reto = 'resto_div' and nombre_usuario = 'Despinosa'),'2023-03-25 08:28:29',4,sec_to_time(68)),
((select id_usuario from usuario where nombre_usuario='Rgutierrez'),(select id_reto from reto inner join persona on nivel = curso inner join usuario using (id_usuario) where nombre_reto = 'resto_div' and nombre_usuario = 'Rgutierrez'),'2023-03-09 17:48:33',0,sec_to_time(46)),
((select id_usuario from usuario where nombre_usuario='Adiez'),(select id_reto from reto inner join persona on nivel = curso inner join usuario using (id_usuario) where nombre_reto = 'resto_div' and nombre_usuario = 'Adiez'),'2023-01-14 11:27:22',3,sec_to_time(41)),
((select id_usuario from usuario where nombre_usuario='Alumno1'),(select id_reto from reto inner join persona on nivel = curso inner join usuario using (id_usuario) where nombre_reto = 'resto_div' and nombre_usuario = 'Alumno1'),'2023-01-25 15:09:23',4,sec_to_time(33)),
((select id_usuario from usuario where nombre_usuario='Alumno2'),(select id_reto from reto inner join persona on nivel = curso inner join usuario using (id_usuario) where nombre_reto = 'resto_div' and nombre_usuario = 'Alumno2'),'2023-03-07 14:26:48',2,sec_to_time(35)),
((select id_usuario from usuario where nombre_usuario='Alumno3'),(select id_reto from reto inner join persona on nivel = curso inner join usuario using (id_usuario) where nombre_reto = 'resto_div' and nombre_usuario = 'Alumno3'),'2023-03-06 18:20:05',2,sec_to_time(66)),
((select id_usuario from usuario where nombre_usuario='Alumno4'),(select id_reto from reto inner join persona on nivel = curso inner join usuario using (id_usuario) where nombre_reto = 'resto_div' and nombre_usuario = 'Alumno4'),'2023-02-09 13:59:44',4,sec_to_time(26)),
((select id_usuario from usuario where nombre_usuario='Alumno5'),(select id_reto from reto inner join persona on nivel = curso inner join usuario using (id_usuario) where nombre_reto = 'resto_div' and nombre_usuario = 'Alumno5'),'2023-02-04 17:07:31',5,sec_to_time(60)),
((select id_usuario from usuario where nombre_usuario='Alumno6'),(select id_reto from reto inner join persona on nivel = curso inner join usuario using (id_usuario) where nombre_reto = 'resto_div' and nombre_usuario = 'Alumno6'),'2023-03-01 21:48:34',1,sec_to_time(58)),
((select id_usuario from usuario where nombre_usuario='Alumno7'),(select id_reto from reto inner join persona on nivel = curso inner join usuario using (id_usuario) where nombre_reto = 'resto_div' and nombre_usuario = 'Alumno7'),'2023-01-13 11:51:39',1,sec_to_time(44)),
((select id_usuario from usuario where nombre_usuario='Alumno8'),(select id_reto from reto inner join persona on nivel = curso inner join usuario using (id_usuario) where nombre_reto = 'resto_div' and nombre_usuario = 'Alumno8'),'2023-03-18 13:00:14',2,sec_to_time(35)),
((select id_usuario from usuario where nombre_usuario='Alumno9'),(select id_reto from reto inner join persona on nivel = curso inner join usuario using (id_usuario) where nombre_reto = 'resto_div' and nombre_usuario = 'Alumno9'),'2023-01-25 10:25:17',5,sec_to_time(30)),
((select id_usuario from usuario where nombre_usuario='Alumno10'),(select id_reto from reto inner join persona on nivel = curso inner join usuario using (id_usuario) where nombre_reto = 'resto_div' and nombre_usuario = 'Alumno10'),'2023-02-25 21:16:10',0,sec_to_time(30)),
((select id_usuario from usuario where nombre_usuario='Alumno11'),(select id_reto from reto inner join persona on nivel = curso inner join usuario using (id_usuario) where nombre_reto = 'resto_div' and nombre_usuario = 'Alumno11'),'2023-03-11 16:38:26',1,sec_to_time(36)),
((select id_usuario from usuario where nombre_usuario='Alumno12'),(select id_reto from reto inner join persona on nivel = curso inner join usuario using (id_usuario) where nombre_reto = 'resto_div' and nombre_usuario = 'Alumno12'),'2023-02-13 19:21:01',2,sec_to_time(64)),
((select id_usuario from usuario where nombre_usuario='Cbarrios'),(select id_reto from reto inner join persona on nivel = curso inner join usuario using (id_usuario) where nombre_reto = 'resto_div' and nombre_usuario = 'Cbarrios'),'2023-01-28 13:14:34',1,sec_to_time(38)),
((select id_usuario from usuario where nombre_usuario='Despinosa'),(select id_reto from reto inner join persona on nivel = curso inner join usuario using (id_usuario) where nombre_reto = 'resto_div' and nombre_usuario = 'Despinosa'),'2023-02-05 14:53:16',1,sec_to_time(39)),
((select id_usuario from usuario where nombre_usuario='Rgutierrez'),(select id_reto from reto inner join persona on nivel = curso inner join usuario using (id_usuario) where nombre_reto = 'resto_div' and nombre_usuario = 'Rgutierrez'),'2023-03-19 13:45:51',4,sec_to_time(66)),
((select id_usuario from usuario where nombre_usuario='Adiez'),(select id_reto from reto inner join persona on nivel = curso inner join usuario using (id_usuario) where nombre_reto = 'resto_div' and nombre_usuario = 'Adiez'),'2023-03-06 09:58:32',3,sec_to_time(65)),
((select id_usuario from usuario where nombre_usuario='Alumno1'),(select id_reto from reto inner join persona on nivel = curso inner join usuario using (id_usuario) where nombre_reto = 'resto_div' and nombre_usuario = 'Alumno1'),'2023-02-13 10:57:59',0,sec_to_time(41)),
((select id_usuario from usuario where nombre_usuario='Alumno2'),(select id_reto from reto inner join persona on nivel = curso inner join usuario using (id_usuario) where nombre_reto = 'resto_div' and nombre_usuario = 'Alumno2'),'2023-01-28 21:05:14',0,sec_to_time(76)),
((select id_usuario from usuario where nombre_usuario='Alumno3'),(select id_reto from reto inner join persona on nivel = curso inner join usuario using (id_usuario) where nombre_reto = 'resto_div' and nombre_usuario = 'Alumno3'),'2023-02-15 21:16:17',0,sec_to_time(69)),
((select id_usuario from usuario where nombre_usuario='Alumno4'),(select id_reto from reto inner join persona on nivel = curso inner join usuario using (id_usuario) where nombre_reto = 'resto_div' and nombre_usuario = 'Alumno4'),'2023-01-09 17:30:40',1,sec_to_time(49)),
((select id_usuario from usuario where nombre_usuario='Alumno5'),(select id_reto from reto inner join persona on nivel = curso inner join usuario using (id_usuario) where nombre_reto = 'resto_div' and nombre_usuario = 'Alumno5'),'2023-01-14 18:46:55',1,sec_to_time(37)),
((select id_usuario from usuario where nombre_usuario='Alumno6'),(select id_reto from reto inner join persona on nivel = curso inner join usuario using (id_usuario) where nombre_reto = 'resto_div' and nombre_usuario = 'Alumno6'),'2023-01-21 14:35:50',4,sec_to_time(29)),
((select id_usuario from usuario where nombre_usuario='Alumno7'),(select id_reto from reto inner join persona on nivel = curso inner join usuario using (id_usuario) where nombre_reto = 'resto_div' and nombre_usuario = 'Alumno7'),'2023-01-11 17:38:28',3,sec_to_time(72)),
((select id_usuario from usuario where nombre_usuario='Alumno8'),(select id_reto from reto inner join persona on nivel = curso inner join usuario using (id_usuario) where nombre_reto = 'resto_div' and nombre_usuario = 'Alumno8'),'2023-01-12 16:17:06',2,sec_to_time(34)),
((select id_usuario from usuario where nombre_usuario='Alumno9'),(select id_reto from reto inner join persona on nivel = curso inner join usuario using (id_usuario) where nombre_reto = 'resto_div' and nombre_usuario = 'Alumno9'),'2023-02-22 17:47:29',5,sec_to_time(28)),
((select id_usuario from usuario where nombre_usuario='Alumno10'),(select id_reto from reto inner join persona on nivel = curso inner join usuario using (id_usuario) where nombre_reto = 'resto_div' and nombre_usuario = 'Alumno10'),'2023-03-23 13:30:45',0,sec_to_time(63)),
((select id_usuario from usuario where nombre_usuario='Alumno11'),(select id_reto from reto inner join persona on nivel = curso inner join usuario using (id_usuario) where nombre_reto = 'resto_div' and nombre_usuario = 'Alumno11'),'2023-02-08 15:59:52',0,sec_to_time(69)),
((select id_usuario from usuario where nombre_usuario='Alumno12'),(select id_reto from reto inner join persona on nivel = curso inner join usuario using (id_usuario) where nombre_reto = 'resto_div' and nombre_usuario = 'Alumno12'),'2023-03-16 19:24:06',0,sec_to_time(72));