use bbdd;
insert into usuario (nombre_usuario,contrasena,alias) values
('Cbarrios',md5(12345),'AliasKaren'),
('Despinosa',md5(12345),'AliasDaniel'),
('Rgutierrez',md5(12345),'AliasRa'),
('Adiez',md5(12345),'TerciodeMarte'),
('Amartinez',md5(12345),'AliasAmartinez'),
('Alumno1',md5(12345),'AliasAl1'),
('Alumno2',md5(12345),'AliasAl2'),
('Alumno3',md5(12345),'AliasAl3'),
('Alumno4',md5(12345),'AliasAl4'),
('Alumno5',md5(12345),'AliasAl5'),
('Alumno6',md5(12345),'AliasAl6'),
('Alumno7',md5(12345),'AliasAl7'),
('Alumno8',md5(12345),'AliasAl8'),
('Alumno9',md5(12345),'AliasAl9'),
('Alumno10',md5(12345),'AliasAl10'),
('Alumno11',md5(12346),'AliasAl11'),
('Alumno12',md5(12347),'AliasAl12');

insert into persona(id_usuario,nombre,apellido1,apellido2,dni,curso,fecha_naci,profesor,email) values
((select id_usuario from usuario where nombre_usuario='Cbarrios'),'Carmen','Barrios','Fernández','12345678T',1,20000419,0,'123@asd.es'),
((select id_usuario from usuario where nombre_usuario='Despinosa'),'Daniel','Espinosa','García','98765432F',2,19830409,0,'987@asd.es'),
((select id_usuario from usuario where nombre_usuario='Rgutierrez'),'Ramiro','Gutierrez','Valverde','23456789F',3,20001213,0,'234@asd.es'),
((select id_usuario from usuario where nombre_usuario='Adiez'),'Albano','Díez','Paulino','87654321Z',4,20000818,0,'876@asd.es'),
((select id_usuario from usuario where nombre_usuario='Amartinez'),'Andrés','Martínez','González','45678932L',1,19950507,1,'amg456@gmail.com'),
((select id_usuario from usuario where nombre_usuario='Alumno1'),'NomAlumno1','Ap1Alumno1','Ap2Alumno1','12345678A',1,19840315,0,'email1@email.es'),
((select id_usuario from usuario where nombre_usuario='Alumno2'),'NomAlumno2','Ap1Alumno2','Ap2Alumno2','12345678B',2,19830409,0,'email2@email.es'),
((select id_usuario from usuario where nombre_usuario='Alumno3'),'NomAlumno3','Ap1Alumno3','Ap2Alumno3','12345678C',3,19990112,0,'email3@email.es'),
((select id_usuario from usuario where nombre_usuario='Alumno4'),'NomAlumno4','Ap1Alumno4','Ap2Alumno4','12345678D',4,20000213,0,'email4@email.es'),
((select id_usuario from usuario where nombre_usuario='Alumno5'),'NomAlumno5','Ap1Alumno5','Ap2Alumno5','12345678E',1,20000314,0,'email5@email.es'),
((select id_usuario from usuario where nombre_usuario='Alumno6'),'NomAlumno6','Ap1Alumno6','Ap2Alumno6','12345678F',2,20000415,0,'email6@email.es'),
((select id_usuario from usuario where nombre_usuario='Alumno7'),'NomAlumno7','Ap1Alumno7','Ap2Alumno7','12345678G',3,20000516,0,'email7@email.es'),
((select id_usuario from usuario where nombre_usuario='Alumno8'),'NomAlumno8','Ap1Alumno8','Ap2Alumno8','12345678H',4,20000617,0,'email8@email.es'),
((select id_usuario from usuario where nombre_usuario='Alumno9'),'NomAlumno9','Ap1Alumno9','Ap2Alumno9','12345678I',1,20000718,0,'email9@email.es'),
((select id_usuario from usuario where nombre_usuario='Alumno10'),'NomAlumno10','Ap1Alumno10','Ap2Alumno10','12345678J',2,20000819,0,'email10@email.es'),
((select id_usuario from usuario where nombre_usuario='Alumno11'),'NomAlumno11','Ap1Alumno11','Ap2Alumno11','12345678K',3,20000920,0,'email11@email.es'),
((select id_usuario from usuario where nombre_usuario='Alumno12'),'NomAlumno12','Ap1Alumno12','Ap2Alumno12','12345678L',4,20001021,0,'email12@email.es');

insert into reto (nombre_reto,nivel) values
('Calcula25',1),
('Calcula25',2),
('Calcula25',3),
('Calcula25',4),
('Euclides',1),
('Euclides',2),
('Euclides',3),
('Euclides',4),
('RestoDiv',1),
('RestoDiv',2),
('RestoDiv',3),
('RestoDiv',4);

-- Generados aleatoriamente datos para la tabla calculo.
insert into calculo(jugador,reto,fecha_hora,puntos,tiempo_partida) values
((select id_usuario from usuario where nombre_usuario='Cbarrios'),(select id_reto from reto inner join persona on nivel = curso inner join usuario using (id_usuario) where nombre_reto = 'Calcula25' and nombre_usuario = 'Cbarrios'),'2023-11-23 14:44:03',12,17),
((select id_usuario from usuario where nombre_usuario='Despinosa'),(select id_reto from reto inner join persona on nivel = curso inner join usuario using (id_usuario) where nombre_reto = 'Calcula25' and nombre_usuario = 'Despinosa'),'2023-02-05 09:29:44',24,48),
((select id_usuario from usuario where nombre_usuario='Rgutierrez'),(select id_reto from reto inner join persona on nivel = curso inner join usuario using (id_usuario) where nombre_reto = 'Calcula25' and nombre_usuario = 'Rgutierrez'),'2022-03-19 15:38:18',15,5),
((select id_usuario from usuario where nombre_usuario='Adiez'),(select id_reto from reto inner join persona on nivel = curso inner join usuario using (id_usuario) where nombre_reto = 'Calcula25' and nombre_usuario = 'Adiez'),'2023-09-16 20:38:45',2,54),
((select id_usuario from usuario where nombre_usuario='Alumno1'),(select id_reto from reto inner join persona on nivel = curso inner join usuario using (id_usuario) where nombre_reto = 'Calcula25' and nombre_usuario = 'Alumno1'),'2022-09-28 14:22:13',16,9),
((select id_usuario from usuario where nombre_usuario='Alumno2'),(select id_reto from reto inner join persona on nivel = curso inner join usuario using (id_usuario) where nombre_reto = 'Calcula25' and nombre_usuario = 'Alumno2'),'2022-12-16 13:29:53',22,38),
((select id_usuario from usuario where nombre_usuario='Alumno3'),(select id_reto from reto inner join persona on nivel = curso inner join usuario using (id_usuario) where nombre_reto = 'Calcula25' and nombre_usuario = 'Alumno3'),'2022-01-21 09:26:00',25,22),
((select id_usuario from usuario where nombre_usuario='Alumno4'),(select id_reto from reto inner join persona on nivel = curso inner join usuario using (id_usuario) where nombre_reto = 'Calcula25' and nombre_usuario = 'Alumno4'),'2022-04-08 20:22:23',2,5),
((select id_usuario from usuario where nombre_usuario='Alumno5'),(select id_reto from reto inner join persona on nivel = curso inner join usuario using (id_usuario) where nombre_reto = 'Calcula25' and nombre_usuario = 'Alumno5'),'2022-10-02 10:19:42',6,52),
((select id_usuario from usuario where nombre_usuario='Alumno6'),(select id_reto from reto inner join persona on nivel = curso inner join usuario using (id_usuario) where nombre_reto = 'Calcula25' and nombre_usuario = 'Alumno6'),'2022-10-18 17:37:36',1,35),
((select id_usuario from usuario where nombre_usuario='Alumno7'),(select id_reto from reto inner join persona on nivel = curso inner join usuario using (id_usuario) where nombre_reto = 'Calcula25' and nombre_usuario = 'Alumno7'),'2022-10-13 08:31:17',13,31),
((select id_usuario from usuario where nombre_usuario='Alumno8'),(select id_reto from reto inner join persona on nivel = curso inner join usuario using (id_usuario) where nombre_reto = 'Calcula25' and nombre_usuario = 'Alumno8'),'2023-08-26 20:56:31',16,25),
((select id_usuario from usuario where nombre_usuario='Alumno9'),(select id_reto from reto inner join persona on nivel = curso inner join usuario using (id_usuario) where nombre_reto = 'Calcula25' and nombre_usuario = 'Alumno9'),'2022-10-26 16:21:29',25,48),
((select id_usuario from usuario where nombre_usuario='Alumno10'),(select id_reto from reto inner join persona on nivel = curso inner join usuario using (id_usuario) where nombre_reto = 'Calcula25' and nombre_usuario = 'Alumno10'),'2023-10-23 13:06:14',11,26),
((select id_usuario from usuario where nombre_usuario='Alumno11'),(select id_reto from reto inner join persona on nivel = curso inner join usuario using (id_usuario) where nombre_reto = 'Calcula25' and nombre_usuario = 'Alumno11'),'2023-12-02 08:53:52',12,27),
((select id_usuario from usuario where nombre_usuario='Alumno12'),(select id_reto from reto inner join persona on nivel = curso inner join usuario using (id_usuario) where nombre_reto = 'Calcula25' and nombre_usuario = 'Alumno12'),'2023-01-13 08:34:46',15,9),
((select id_usuario from usuario where nombre_usuario='Cbarrios'),(select id_reto from reto inner join persona on nivel = curso inner join usuario using (id_usuario) where nombre_reto = 'Calcula25' and nombre_usuario = 'Cbarrios'),'2022-06-24 09:17:17',16,11),
((select id_usuario from usuario where nombre_usuario='Despinosa'),(select id_reto from reto inner join persona on nivel = curso inner join usuario using (id_usuario) where nombre_reto = 'Calcula25' and nombre_usuario = 'Despinosa'),'2022-08-21 20:19:28',2,49),
((select id_usuario from usuario where nombre_usuario='Rgutierrez'),(select id_reto from reto inner join persona on nivel = curso inner join usuario using (id_usuario) where nombre_reto = 'Calcula25' and nombre_usuario = 'Rgutierrez'),'2023-06-16 15:20:56',3,55),
((select id_usuario from usuario where nombre_usuario='Adiez'),(select id_reto from reto inner join persona on nivel = curso inner join usuario using (id_usuario) where nombre_reto = 'Calcula25' and nombre_usuario = 'Adiez'),'2023-03-11 20:53:06',14,56),
((select id_usuario from usuario where nombre_usuario='Alumno1'),(select id_reto from reto inner join persona on nivel = curso inner join usuario using (id_usuario) where nombre_reto = 'Calcula25' and nombre_usuario = 'Alumno1'),'2022-03-15 21:38:23',20,17),
((select id_usuario from usuario where nombre_usuario='Alumno2'),(select id_reto from reto inner join persona on nivel = curso inner join usuario using (id_usuario) where nombre_reto = 'Calcula25' and nombre_usuario = 'Alumno2'),'2023-03-16 08:24:28',2,58),
((select id_usuario from usuario where nombre_usuario='Alumno3'),(select id_reto from reto inner join persona on nivel = curso inner join usuario using (id_usuario) where nombre_reto = 'Calcula25' and nombre_usuario = 'Alumno3'),'2023-05-07 17:41:16',22,16),
((select id_usuario from usuario where nombre_usuario='Alumno4'),(select id_reto from reto inner join persona on nivel = curso inner join usuario using (id_usuario) where nombre_reto = 'Calcula25' and nombre_usuario = 'Alumno4'),'2022-05-07 14:24:24',1,18),
((select id_usuario from usuario where nombre_usuario='Alumno5'),(select id_reto from reto inner join persona on nivel = curso inner join usuario using (id_usuario) where nombre_reto = 'Calcula25' and nombre_usuario = 'Alumno5'),'2022-04-08 12:00:35',15,17),
((select id_usuario from usuario where nombre_usuario='Alumno6'),(select id_reto from reto inner join persona on nivel = curso inner join usuario using (id_usuario) where nombre_reto = 'Calcula25' and nombre_usuario = 'Alumno6'),'2022-12-19 09:42:19',14,19),
((select id_usuario from usuario where nombre_usuario='Alumno7'),(select id_reto from reto inner join persona on nivel = curso inner join usuario using (id_usuario) where nombre_reto = 'Calcula25' and nombre_usuario = 'Alumno7'),'2022-02-22 18:13:52',10,41),
((select id_usuario from usuario where nombre_usuario='Alumno8'),(select id_reto from reto inner join persona on nivel = curso inner join usuario using (id_usuario) where nombre_reto = 'Calcula25' and nombre_usuario = 'Alumno8'),'2022-05-28 11:59:51',4,11),
((select id_usuario from usuario where nombre_usuario='Alumno9'),(select id_reto from reto inner join persona on nivel = curso inner join usuario using (id_usuario) where nombre_reto = 'Calcula25' and nombre_usuario = 'Alumno9'),'2023-04-13 17:07:53',5,16),
((select id_usuario from usuario where nombre_usuario='Alumno10'),(select id_reto from reto inner join persona on nivel = curso inner join usuario using (id_usuario) where nombre_reto = 'Calcula25' and nombre_usuario = 'Alumno10'),'2023-07-19 09:01:18',3,38),
((select id_usuario from usuario where nombre_usuario='Alumno11'),(select id_reto from reto inner join persona on nivel = curso inner join usuario using (id_usuario) where nombre_reto = 'Calcula25' and nombre_usuario = 'Alumno11'),'2023-06-08 11:44:26',19,54),
((select id_usuario from usuario where nombre_usuario='Alumno12'),(select id_reto from reto inner join persona on nivel = curso inner join usuario using (id_usuario) where nombre_reto = 'Calcula25' and nombre_usuario = 'Alumno12'),'2023-11-01 13:35:13',17,33),
((select id_usuario from usuario where nombre_usuario='Cbarrios'),(select id_reto from reto inner join persona on nivel = curso inner join usuario using (id_usuario) where nombre_reto = 'Calcula25' and nombre_usuario = 'Cbarrios'),'2023-08-09 16:53:17',25,54),
((select id_usuario from usuario where nombre_usuario='Despinosa'),(select id_reto from reto inner join persona on nivel = curso inner join usuario using (id_usuario) where nombre_reto = 'Calcula25' and nombre_usuario = 'Despinosa'),'2022-08-23 14:46:06',2,38),
((select id_usuario from usuario where nombre_usuario='Rgutierrez'),(select id_reto from reto inner join persona on nivel = curso inner join usuario using (id_usuario) where nombre_reto = 'Calcula25' and nombre_usuario = 'Rgutierrez'),'2023-06-18 20:21:44',14,13),
((select id_usuario from usuario where nombre_usuario='Adiez'),(select id_reto from reto inner join persona on nivel = curso inner join usuario using (id_usuario) where nombre_reto = 'Calcula25' and nombre_usuario = 'Adiez'),'2022-01-01 21:08:09',24,42),
((select id_usuario from usuario where nombre_usuario='Alumno1'),(select id_reto from reto inner join persona on nivel = curso inner join usuario using (id_usuario) where nombre_reto = 'Calcula25' and nombre_usuario = 'Alumno1'),'2022-02-06 18:03:25',8,38),
((select id_usuario from usuario where nombre_usuario='Alumno2'),(select id_reto from reto inner join persona on nivel = curso inner join usuario using (id_usuario) where nombre_reto = 'Calcula25' and nombre_usuario = 'Alumno2'),'2023-12-20 17:41:26',12,20),
((select id_usuario from usuario where nombre_usuario='Alumno3'),(select id_reto from reto inner join persona on nivel = curso inner join usuario using (id_usuario) where nombre_reto = 'Calcula25' and nombre_usuario = 'Alumno3'),'2023-03-17 09:53:26',8,56),
((select id_usuario from usuario where nombre_usuario='Alumno4'),(select id_reto from reto inner join persona on nivel = curso inner join usuario using (id_usuario) where nombre_reto = 'Calcula25' and nombre_usuario = 'Alumno4'),'2022-11-22 12:52:50',18,48),
((select id_usuario from usuario where nombre_usuario='Alumno5'),(select id_reto from reto inner join persona on nivel = curso inner join usuario using (id_usuario) where nombre_reto = 'Calcula25' and nombre_usuario = 'Alumno5'),'2022-10-06 14:24:50',4,44),
((select id_usuario from usuario where nombre_usuario='Alumno6'),(select id_reto from reto inner join persona on nivel = curso inner join usuario using (id_usuario) where nombre_reto = 'Calcula25' and nombre_usuario = 'Alumno6'),'2022-11-14 11:34:45',8,50),
((select id_usuario from usuario where nombre_usuario='Alumno7'),(select id_reto from reto inner join persona on nivel = curso inner join usuario using (id_usuario) where nombre_reto = 'Calcula25' and nombre_usuario = 'Alumno7'),'2023-11-16 10:54:14',8,32),
((select id_usuario from usuario where nombre_usuario='Alumno8'),(select id_reto from reto inner join persona on nivel = curso inner join usuario using (id_usuario) where nombre_reto = 'Calcula25' and nombre_usuario = 'Alumno8'),'2023-08-11 21:04:45',3,29),
((select id_usuario from usuario where nombre_usuario='Alumno9'),(select id_reto from reto inner join persona on nivel = curso inner join usuario using (id_usuario) where nombre_reto = 'Calcula25' and nombre_usuario = 'Alumno9'),'2023-03-27 16:02:46',24,25),
((select id_usuario from usuario where nombre_usuario='Alumno10'),(select id_reto from reto inner join persona on nivel = curso inner join usuario using (id_usuario) where nombre_reto = 'Calcula25' and nombre_usuario = 'Alumno10'),'2022-05-21 20:57:03',6,33),
((select id_usuario from usuario where nombre_usuario='Alumno11'),(select id_reto from reto inner join persona on nivel = curso inner join usuario using (id_usuario) where nombre_reto = 'Calcula25' and nombre_usuario = 'Alumno11'),'2022-11-10 12:05:43',20,32),
((select id_usuario from usuario where nombre_usuario='Alumno12'),(select id_reto from reto inner join persona on nivel = curso inner join usuario using (id_usuario) where nombre_reto = 'Calcula25' and nombre_usuario = 'Alumno12'),'2022-11-20 10:41:47',1,35),
((select id_usuario from usuario where nombre_usuario='Cbarrios'),(select id_reto from reto inner join persona on nivel = curso inner join usuario using (id_usuario) where nombre_reto = 'Calcula25' and nombre_usuario = 'Cbarrios'),'2022-04-24 13:51:27',10,44),
((select id_usuario from usuario where nombre_usuario='Despinosa'),(select id_reto from reto inner join persona on nivel = curso inner join usuario using (id_usuario) where nombre_reto = 'Calcula25' and nombre_usuario = 'Despinosa'),'2023-08-27 08:51:17',3,27),
((select id_usuario from usuario where nombre_usuario='Rgutierrez'),(select id_reto from reto inner join persona on nivel = curso inner join usuario using (id_usuario) where nombre_reto = 'Calcula25' and nombre_usuario = 'Rgutierrez'),'2022-08-04 21:25:55',21,31),
((select id_usuario from usuario where nombre_usuario='Adiez'),(select id_reto from reto inner join persona on nivel = curso inner join usuario using (id_usuario) where nombre_reto = 'Calcula25' and nombre_usuario = 'Adiez'),'2022-07-11 14:27:18',2,43),
((select id_usuario from usuario where nombre_usuario='Alumno1'),(select id_reto from reto inner join persona on nivel = curso inner join usuario using (id_usuario) where nombre_reto = 'Calcula25' and nombre_usuario = 'Alumno1'),'2022-10-17 15:40:48',7,5),
((select id_usuario from usuario where nombre_usuario='Alumno2'),(select id_reto from reto inner join persona on nivel = curso inner join usuario using (id_usuario) where nombre_reto = 'Calcula25' and nombre_usuario = 'Alumno2'),'2023-04-18 09:19:01',17,35),
((select id_usuario from usuario where nombre_usuario='Alumno3'),(select id_reto from reto inner join persona on nivel = curso inner join usuario using (id_usuario) where nombre_reto = 'Calcula25' and nombre_usuario = 'Alumno3'),'2022-09-08 20:57:54',17,16),
((select id_usuario from usuario where nombre_usuario='Alumno4'),(select id_reto from reto inner join persona on nivel = curso inner join usuario using (id_usuario) where nombre_reto = 'Calcula25' and nombre_usuario = 'Alumno4'),'2022-07-05 20:05:09',16,16),
((select id_usuario from usuario where nombre_usuario='Alumno5'),(select id_reto from reto inner join persona on nivel = curso inner join usuario using (id_usuario) where nombre_reto = 'Calcula25' and nombre_usuario = 'Alumno5'),'2023-04-18 11:12:02',8,28),
((select id_usuario from usuario where nombre_usuario='Alumno6'),(select id_reto from reto inner join persona on nivel = curso inner join usuario using (id_usuario) where nombre_reto = 'Calcula25' and nombre_usuario = 'Alumno6'),'2022-11-06 10:33:53',6,59),
((select id_usuario from usuario where nombre_usuario='Alumno7'),(select id_reto from reto inner join persona on nivel = curso inner join usuario using (id_usuario) where nombre_reto = 'Calcula25' and nombre_usuario = 'Alumno7'),'2022-05-28 20:53:55',5,15),
((select id_usuario from usuario where nombre_usuario='Alumno8'),(select id_reto from reto inner join persona on nivel = curso inner join usuario using (id_usuario) where nombre_reto = 'Calcula25' and nombre_usuario = 'Alumno8'),'2022-11-22 14:33:43',8,16),
((select id_usuario from usuario where nombre_usuario='Alumno9'),(select id_reto from reto inner join persona on nivel = curso inner join usuario using (id_usuario) where nombre_reto = 'Calcula25' and nombre_usuario = 'Alumno9'),'2023-06-24 08:34:19',8,41),
((select id_usuario from usuario where nombre_usuario='Alumno10'),(select id_reto from reto inner join persona on nivel = curso inner join usuario using (id_usuario) where nombre_reto = 'Calcula25' and nombre_usuario = 'Alumno10'),'2023-11-12 13:18:51',10,41),
((select id_usuario from usuario where nombre_usuario='Alumno11'),(select id_reto from reto inner join persona on nivel = curso inner join usuario using (id_usuario) where nombre_reto = 'Calcula25' and nombre_usuario = 'Alumno11'),'2023-12-04 10:05:49',15,31),
((select id_usuario from usuario where nombre_usuario='Alumno12'),(select id_reto from reto inner join persona on nivel = curso inner join usuario using (id_usuario) where nombre_reto = 'Calcula25' and nombre_usuario = 'Alumno12'),'2022-01-06 09:06:52',24,52),
((select id_usuario from usuario where nombre_usuario='Cbarrios'),(select id_reto from reto inner join persona on nivel = curso inner join usuario using (id_usuario) where nombre_reto = 'Calcula25' and nombre_usuario = 'Cbarrios'),'2023-03-04 14:35:02',18,7),
((select id_usuario from usuario where nombre_usuario='Despinosa'),(select id_reto from reto inner join persona on nivel = curso inner join usuario using (id_usuario) where nombre_reto = 'Calcula25' and nombre_usuario = 'Despinosa'),'2022-01-21 11:45:03',18,36),
((select id_usuario from usuario where nombre_usuario='Rgutierrez'),(select id_reto from reto inner join persona on nivel = curso inner join usuario using (id_usuario) where nombre_reto = 'Calcula25' and nombre_usuario = 'Rgutierrez'),'2023-01-07 17:31:41',21,23),
((select id_usuario from usuario where nombre_usuario='Adiez'),(select id_reto from reto inner join persona on nivel = curso inner join usuario using (id_usuario) where nombre_reto = 'Calcula25' and nombre_usuario = 'Adiez'),'2023-11-05 20:29:28',11,19),
((select id_usuario from usuario where nombre_usuario='Alumno1'),(select id_reto from reto inner join persona on nivel = curso inner join usuario using (id_usuario) where nombre_reto = 'Calcula25' and nombre_usuario = 'Alumno1'),'2023-07-23 14:08:13',18,9),
((select id_usuario from usuario where nombre_usuario='Alumno2'),(select id_reto from reto inner join persona on nivel = curso inner join usuario using (id_usuario) where nombre_reto = 'Calcula25' and nombre_usuario = 'Alumno2'),'2023-06-27 19:03:31',3,42),
((select id_usuario from usuario where nombre_usuario='Alumno3'),(select id_reto from reto inner join persona on nivel = curso inner join usuario using (id_usuario) where nombre_reto = 'Calcula25' and nombre_usuario = 'Alumno3'),'2022-02-03 20:17:14',18,57),
((select id_usuario from usuario where nombre_usuario='Alumno4'),(select id_reto from reto inner join persona on nivel = curso inner join usuario using (id_usuario) where nombre_reto = 'Calcula25' and nombre_usuario = 'Alumno4'),'2022-04-21 20:34:19',2,34),
((select id_usuario from usuario where nombre_usuario='Alumno5'),(select id_reto from reto inner join persona on nivel = curso inner join usuario using (id_usuario) where nombre_reto = 'Calcula25' and nombre_usuario = 'Alumno5'),'2023-03-15 19:31:05',8,8),
((select id_usuario from usuario where nombre_usuario='Alumno6'),(select id_reto from reto inner join persona on nivel = curso inner join usuario using (id_usuario) where nombre_reto = 'Calcula25' and nombre_usuario = 'Alumno6'),'2023-10-11 13:36:36',25,52),
((select id_usuario from usuario where nombre_usuario='Alumno7'),(select id_reto from reto inner join persona on nivel = curso inner join usuario using (id_usuario) where nombre_reto = 'Calcula25' and nombre_usuario = 'Alumno7'),'2023-09-02 12:13:06',3,40),
((select id_usuario from usuario where nombre_usuario='Alumno8'),(select id_reto from reto inner join persona on nivel = curso inner join usuario using (id_usuario) where nombre_reto = 'Calcula25' and nombre_usuario = 'Alumno8'),'2023-06-13 11:33:03',1,8),
((select id_usuario from usuario where nombre_usuario='Alumno9'),(select id_reto from reto inner join persona on nivel = curso inner join usuario using (id_usuario) where nombre_reto = 'Calcula25' and nombre_usuario = 'Alumno9'),'2023-06-09 12:09:36',2,14),
((select id_usuario from usuario where nombre_usuario='Alumno10'),(select id_reto from reto inner join persona on nivel = curso inner join usuario using (id_usuario) where nombre_reto = 'Calcula25' and nombre_usuario = 'Alumno10'),'2023-06-21 19:59:58',13,36),
((select id_usuario from usuario where nombre_usuario='Alumno11'),(select id_reto from reto inner join persona on nivel = curso inner join usuario using (id_usuario) where nombre_reto = 'Calcula25' and nombre_usuario = 'Alumno11'),'2022-11-19 19:11:39',20,16),
((select id_usuario from usuario where nombre_usuario='Alumno12'),(select id_reto from reto inner join persona on nivel = curso inner join usuario using (id_usuario) where nombre_reto = 'Calcula25' and nombre_usuario = 'Alumno12'),'2022-07-20 10:54:23',1,40),
((select id_usuario from usuario where nombre_usuario='Cbarrios'),(select id_reto from reto inner join persona on nivel = curso inner join usuario using (id_usuario) where nombre_reto = 'Calcula25' and nombre_usuario = 'Cbarrios'),'2022-11-14 18:12:39',17,37),
((select id_usuario from usuario where nombre_usuario='Despinosa'),(select id_reto from reto inner join persona on nivel = curso inner join usuario using (id_usuario) where nombre_reto = 'Calcula25' and nombre_usuario = 'Despinosa'),'2022-05-09 15:13:33',11,26),
((select id_usuario from usuario where nombre_usuario='Rgutierrez'),(select id_reto from reto inner join persona on nivel = curso inner join usuario using (id_usuario) where nombre_reto = 'Calcula25' and nombre_usuario = 'Rgutierrez'),'2023-08-21 19:31:10',24,33),
((select id_usuario from usuario where nombre_usuario='Adiez'),(select id_reto from reto inner join persona on nivel = curso inner join usuario using (id_usuario) where nombre_reto = 'Calcula25' and nombre_usuario = 'Adiez'),'2023-03-12 19:36:36',18,21),
((select id_usuario from usuario where nombre_usuario='Alumno1'),(select id_reto from reto inner join persona on nivel = curso inner join usuario using (id_usuario) where nombre_reto = 'Calcula25' and nombre_usuario = 'Alumno1'),'2022-12-27 08:45:58',1,40),
((select id_usuario from usuario where nombre_usuario='Alumno2'),(select id_reto from reto inner join persona on nivel = curso inner join usuario using (id_usuario) where nombre_reto = 'Calcula25' and nombre_usuario = 'Alumno2'),'2023-05-18 21:55:08',15,27),
((select id_usuario from usuario where nombre_usuario='Alumno3'),(select id_reto from reto inner join persona on nivel = curso inner join usuario using (id_usuario) where nombre_reto = 'Calcula25' and nombre_usuario = 'Alumno3'),'2023-01-10 21:04:17',22,16),
((select id_usuario from usuario where nombre_usuario='Alumno4'),(select id_reto from reto inner join persona on nivel = curso inner join usuario using (id_usuario) where nombre_reto = 'Calcula25' and nombre_usuario = 'Alumno4'),'2023-02-19 10:20:56',24,47),
((select id_usuario from usuario where nombre_usuario='Alumno5'),(select id_reto from reto inner join persona on nivel = curso inner join usuario using (id_usuario) where nombre_reto = 'Calcula25' and nombre_usuario = 'Alumno5'),'2022-05-01 17:50:49',15,19),
((select id_usuario from usuario where nombre_usuario='Alumno6'),(select id_reto from reto inner join persona on nivel = curso inner join usuario using (id_usuario) where nombre_reto = 'Calcula25' and nombre_usuario = 'Alumno6'),'2022-01-09 08:03:30',17,44),
((select id_usuario from usuario where nombre_usuario='Alumno7'),(select id_reto from reto inner join persona on nivel = curso inner join usuario using (id_usuario) where nombre_reto = 'Calcula25' and nombre_usuario = 'Alumno7'),'2023-03-10 09:50:03',2,16),
((select id_usuario from usuario where nombre_usuario='Alumno8'),(select id_reto from reto inner join persona on nivel = curso inner join usuario using (id_usuario) where nombre_reto = 'Calcula25' and nombre_usuario = 'Alumno8'),'2022-10-10 15:52:54',25,42),
((select id_usuario from usuario where nombre_usuario='Alumno9'),(select id_reto from reto inner join persona on nivel = curso inner join usuario using (id_usuario) where nombre_reto = 'Calcula25' and nombre_usuario = 'Alumno9'),'2023-09-11 09:33:27',23,24),
((select id_usuario from usuario where nombre_usuario='Alumno10'),(select id_reto from reto inner join persona on nivel = curso inner join usuario using (id_usuario) where nombre_reto = 'Calcula25' and nombre_usuario = 'Alumno10'),'2023-01-21 13:24:27',3,17),
((select id_usuario from usuario where nombre_usuario='Alumno11'),(select id_reto from reto inner join persona on nivel = curso inner join usuario using (id_usuario) where nombre_reto = 'Calcula25' and nombre_usuario = 'Alumno11'),'2022-05-21 19:31:19',13,25),
((select id_usuario from usuario where nombre_usuario='Alumno12'),(select id_reto from reto inner join persona on nivel = curso inner join usuario using (id_usuario) where nombre_reto = 'Calcula25' and nombre_usuario = 'Alumno12'),'2022-07-26 21:45:43',21,44);

-- Generados aleatoriamente datos para la tabla restos_div.
insert into resto_div(jugador,reto,fecha_hora,puntos,tiempo_partida,intentos) values
((select id_usuario from usuario where nombre_usuario='Cbarrios'),(select id_reto from reto inner join persona on nivel = curso inner join usuario using (id_usuario) where nombre_reto = 'RestoDiv' and nombre_usuario = 'Cbarrios'),'2023-09-06 11:48:49',11,sec_to_time(150),1),
((select id_usuario from usuario where nombre_usuario='Despinosa'),(select id_reto from reto inner join persona on nivel = curso inner join usuario using (id_usuario) where nombre_reto = 'RestoDiv' and nombre_usuario = 'Despinosa'),'2023-07-25 09:26:28',24,sec_to_time(100),2),
((select id_usuario from usuario where nombre_usuario='Rgutierrez'),(select id_reto from reto inner join persona on nivel = curso inner join usuario using (id_usuario) where nombre_reto = 'RestoDiv' and nombre_usuario = 'Rgutierrez'),'2022-03-02 20:32:42',14,sec_to_time(59),1),
((select id_usuario from usuario where nombre_usuario='Adiez'),(select id_reto from reto inner join persona on nivel = curso inner join usuario using (id_usuario) where nombre_reto = 'RestoDiv' and nombre_usuario = 'Adiez'),'2023-07-25 12:00:21',8,sec_to_time(75),1),
((select id_usuario from usuario where nombre_usuario='Alumno1'),(select id_reto from reto inner join persona on nivel = curso inner join usuario using (id_usuario) where nombre_reto = 'RestoDiv' and nombre_usuario = 'Alumno1'),'2023-11-22 19:00:20',4,sec_to_time(180),2),
((select id_usuario from usuario where nombre_usuario='Alumno2'),(select id_reto from reto inner join persona on nivel = curso inner join usuario using (id_usuario) where nombre_reto = 'RestoDiv' and nombre_usuario = 'Alumno2'),'2023-10-25 14:39:28',19,sec_to_time(115),1),
((select id_usuario from usuario where nombre_usuario='Alumno3'),(select id_reto from reto inner join persona on nivel = curso inner join usuario using (id_usuario) where nombre_reto = 'RestoDiv' and nombre_usuario = 'Alumno3'),'2023-11-24 15:56:48',8,sec_to_time(75),2),
((select id_usuario from usuario where nombre_usuario='Alumno4'),(select id_reto from reto inner join persona on nivel = curso inner join usuario using (id_usuario) where nombre_reto = 'RestoDiv' and nombre_usuario = 'Alumno4'),'2022-01-09 12:57:41',23,sec_to_time(79),2),
((select id_usuario from usuario where nombre_usuario='Alumno5'),(select id_reto from reto inner join persona on nivel = curso inner join usuario using (id_usuario) where nombre_reto = 'RestoDiv' and nombre_usuario = 'Alumno5'),'2022-10-15 08:11:55',25,sec_to_time(195),1),
((select id_usuario from usuario where nombre_usuario='Alumno6'),(select id_reto from reto inner join persona on nivel = curso inner join usuario using (id_usuario) where nombre_reto = 'RestoDiv' and nombre_usuario = 'Alumno6'),'2023-06-25 21:50:24',19,sec_to_time(150),2),
((select id_usuario from usuario where nombre_usuario='Alumno7'),(select id_reto from reto inner join persona on nivel = curso inner join usuario using (id_usuario) where nombre_reto = 'RestoDiv' and nombre_usuario = 'Alumno7'),'2023-05-18 11:35:58',24,sec_to_time(143),1),
((select id_usuario from usuario where nombre_usuario='Alumno8'),(select id_reto from reto inner join persona on nivel = curso inner join usuario using (id_usuario) where nombre_reto = 'RestoDiv' and nombre_usuario = 'Alumno8'),'2023-08-06 09:42:23',14,sec_to_time(153),2),
((select id_usuario from usuario where nombre_usuario='Alumno9'),(select id_reto from reto inner join persona on nivel = curso inner join usuario using (id_usuario) where nombre_reto = 'RestoDiv' and nombre_usuario = 'Alumno9'),'2023-11-03 17:41:12',23,sec_to_time(69),2),
((select id_usuario from usuario where nombre_usuario='Alumno10'),(select id_reto from reto inner join persona on nivel = curso inner join usuario using (id_usuario) where nombre_reto = 'RestoDiv' and nombre_usuario = 'Alumno10'),'2023-03-14 20:27:48',24,sec_to_time(188),1),
((select id_usuario from usuario where nombre_usuario='Alumno11'),(select id_reto from reto inner join persona on nivel = curso inner join usuario using (id_usuario) where nombre_reto = 'RestoDiv' and nombre_usuario = 'Alumno11'),'2023-10-17 08:37:48',19,sec_to_time(61),1),
((select id_usuario from usuario where nombre_usuario='Alumno12'),(select id_reto from reto inner join persona on nivel = curso inner join usuario using (id_usuario) where nombre_reto = 'RestoDiv' and nombre_usuario = 'Alumno12'),'2023-02-01 09:47:39',24,sec_to_time(86),1),
((select id_usuario from usuario where nombre_usuario='Cbarrios'),(select id_reto from reto inner join persona on nivel = curso inner join usuario using (id_usuario) where nombre_reto = 'RestoDiv' and nombre_usuario = 'Cbarrios'),'2023-12-28 08:46:44',14,sec_to_time(74),1),
((select id_usuario from usuario where nombre_usuario='Despinosa'),(select id_reto from reto inner join persona on nivel = curso inner join usuario using (id_usuario) where nombre_reto = 'RestoDiv' and nombre_usuario = 'Despinosa'),'2022-05-19 11:45:49',25,sec_to_time(70),2),
((select id_usuario from usuario where nombre_usuario='Rgutierrez'),(select id_reto from reto inner join persona on nivel = curso inner join usuario using (id_usuario) where nombre_reto = 'RestoDiv' and nombre_usuario = 'Rgutierrez'),'2022-01-01 17:54:40',6,sec_to_time(15),1),
((select id_usuario from usuario where nombre_usuario='Adiez'),(select id_reto from reto inner join persona on nivel = curso inner join usuario using (id_usuario) where nombre_reto = 'RestoDiv' and nombre_usuario = 'Adiez'),'2022-09-02 10:51:16',23,sec_to_time(105),1),
((select id_usuario from usuario where nombre_usuario='Alumno1'),(select id_reto from reto inner join persona on nivel = curso inner join usuario using (id_usuario) where nombre_reto = 'RestoDiv' and nombre_usuario = 'Alumno1'),'2023-03-02 19:34:18',3,sec_to_time(184),1),
((select id_usuario from usuario where nombre_usuario='Alumno2'),(select id_reto from reto inner join persona on nivel = curso inner join usuario using (id_usuario) where nombre_reto = 'RestoDiv' and nombre_usuario = 'Alumno2'),'2023-02-24 08:53:22',6,sec_to_time(89),1),
((select id_usuario from usuario where nombre_usuario='Alumno3'),(select id_reto from reto inner join persona on nivel = curso inner join usuario using (id_usuario) where nombre_reto = 'RestoDiv' and nombre_usuario = 'Alumno3'),'2023-05-06 14:27:09',21,sec_to_time(74),1),
((select id_usuario from usuario where nombre_usuario='Alumno4'),(select id_reto from reto inner join persona on nivel = curso inner join usuario using (id_usuario) where nombre_reto = 'RestoDiv' and nombre_usuario = 'Alumno4'),'2022-03-10 12:31:29',9,sec_to_time(12),1),
((select id_usuario from usuario where nombre_usuario='Alumno5'),(select id_reto from reto inner join persona on nivel = curso inner join usuario using (id_usuario) where nombre_reto = 'RestoDiv' and nombre_usuario = 'Alumno5'),'2022-05-10 20:56:16',25,sec_to_time(75),2),
((select id_usuario from usuario where nombre_usuario='Alumno6'),(select id_reto from reto inner join persona on nivel = curso inner join usuario using (id_usuario) where nombre_reto = 'RestoDiv' and nombre_usuario = 'Alumno6'),'2022-12-27 09:44:52',4,sec_to_time(15),1),
((select id_usuario from usuario where nombre_usuario='Alumno7'),(select id_reto from reto inner join persona on nivel = curso inner join usuario using (id_usuario) where nombre_reto = 'RestoDiv' and nombre_usuario = 'Alumno7'),'2023-06-08 20:13:29',7,sec_to_time(196),2),
((select id_usuario from usuario where nombre_usuario='Alumno8'),(select id_reto from reto inner join persona on nivel = curso inner join usuario using (id_usuario) where nombre_reto = 'RestoDiv' and nombre_usuario = 'Alumno8'),'2022-03-26 12:23:45',18,sec_to_time(78),2),
((select id_usuario from usuario where nombre_usuario='Alumno9'),(select id_reto from reto inner join persona on nivel = curso inner join usuario using (id_usuario) where nombre_reto = 'RestoDiv' and nombre_usuario = 'Alumno9'),'2023-10-23 16:19:01',7,sec_to_time(15),2),
((select id_usuario from usuario where nombre_usuario='Alumno10'),(select id_reto from reto inner join persona on nivel = curso inner join usuario using (id_usuario) where nombre_reto = 'RestoDiv' and nombre_usuario = 'Alumno10'),'2022-05-17 10:03:40',8,sec_to_time(64),1),
((select id_usuario from usuario where nombre_usuario='Alumno11'),(select id_reto from reto inner join persona on nivel = curso inner join usuario using (id_usuario) where nombre_reto = 'RestoDiv' and nombre_usuario = 'Alumno11'),'2022-08-14 16:20:41',18,sec_to_time(36),2),
((select id_usuario from usuario where nombre_usuario='Alumno12'),(select id_reto from reto inner join persona on nivel = curso inner join usuario using (id_usuario) where nombre_reto = 'RestoDiv' and nombre_usuario = 'Alumno12'),'2023-02-01 15:10:08',14,sec_to_time(19),1),
((select id_usuario from usuario where nombre_usuario='Cbarrios'),(select id_reto from reto inner join persona on nivel = curso inner join usuario using (id_usuario) where nombre_reto = 'RestoDiv' and nombre_usuario = 'Cbarrios'),'2022-01-08 18:31:13',25,sec_to_time(23),1),
((select id_usuario from usuario where nombre_usuario='Despinosa'),(select id_reto from reto inner join persona on nivel = curso inner join usuario using (id_usuario) where nombre_reto = 'RestoDiv' and nombre_usuario = 'Despinosa'),'2022-04-06 08:04:46',18,sec_to_time(30),2),
((select id_usuario from usuario where nombre_usuario='Rgutierrez'),(select id_reto from reto inner join persona on nivel = curso inner join usuario using (id_usuario) where nombre_reto = 'RestoDiv' and nombre_usuario = 'Rgutierrez'),'2023-10-15 12:11:56',17,sec_to_time(168),2),
((select id_usuario from usuario where nombre_usuario='Adiez'),(select id_reto from reto inner join persona on nivel = curso inner join usuario using (id_usuario) where nombre_reto = 'RestoDiv' and nombre_usuario = 'Adiez'),'2022-11-26 14:47:54',24,sec_to_time(172),2),
((select id_usuario from usuario where nombre_usuario='Alumno1'),(select id_reto from reto inner join persona on nivel = curso inner join usuario using (id_usuario) where nombre_reto = 'RestoDiv' and nombre_usuario = 'Alumno1'),'2023-02-12 17:17:24',11,sec_to_time(157),2),
((select id_usuario from usuario where nombre_usuario='Alumno2'),(select id_reto from reto inner join persona on nivel = curso inner join usuario using (id_usuario) where nombre_reto = 'RestoDiv' and nombre_usuario = 'Alumno2'),'2023-02-15 16:55:47',15,sec_to_time(18),2),
((select id_usuario from usuario where nombre_usuario='Alumno3'),(select id_reto from reto inner join persona on nivel = curso inner join usuario using (id_usuario) where nombre_reto = 'RestoDiv' and nombre_usuario = 'Alumno3'),'2023-06-16 15:05:30',16,sec_to_time(23),1),
((select id_usuario from usuario where nombre_usuario='Alumno4'),(select id_reto from reto inner join persona on nivel = curso inner join usuario using (id_usuario) where nombre_reto = 'RestoDiv' and nombre_usuario = 'Alumno4'),'2023-11-13 18:36:41',10,sec_to_time(147),1),
((select id_usuario from usuario where nombre_usuario='Alumno5'),(select id_reto from reto inner join persona on nivel = curso inner join usuario using (id_usuario) where nombre_reto = 'RestoDiv' and nombre_usuario = 'Alumno5'),'2023-07-08 10:06:31',4,sec_to_time(196),2),
((select id_usuario from usuario where nombre_usuario='Alumno6'),(select id_reto from reto inner join persona on nivel = curso inner join usuario using (id_usuario) where nombre_reto = 'RestoDiv' and nombre_usuario = 'Alumno6'),'2022-03-12 20:24:00',15,sec_to_time(76),2),
((select id_usuario from usuario where nombre_usuario='Alumno7'),(select id_reto from reto inner join persona on nivel = curso inner join usuario using (id_usuario) where nombre_reto = 'RestoDiv' and nombre_usuario = 'Alumno7'),'2022-01-24 17:03:56',6,sec_to_time(39),2),
((select id_usuario from usuario where nombre_usuario='Alumno8'),(select id_reto from reto inner join persona on nivel = curso inner join usuario using (id_usuario) where nombre_reto = 'RestoDiv' and nombre_usuario = 'Alumno8'),'2022-04-13 21:32:11',8,sec_to_time(22),2),
((select id_usuario from usuario where nombre_usuario='Alumno9'),(select id_reto from reto inner join persona on nivel = curso inner join usuario using (id_usuario) where nombre_reto = 'RestoDiv' and nombre_usuario = 'Alumno9'),'2022-02-02 19:49:53',24,sec_to_time(136),1),
((select id_usuario from usuario where nombre_usuario='Alumno10'),(select id_reto from reto inner join persona on nivel = curso inner join usuario using (id_usuario) where nombre_reto = 'RestoDiv' and nombre_usuario = 'Alumno10'),'2023-12-03 13:30:11',18,sec_to_time(18),2),
((select id_usuario from usuario where nombre_usuario='Alumno11'),(select id_reto from reto inner join persona on nivel = curso inner join usuario using (id_usuario) where nombre_reto = 'RestoDiv' and nombre_usuario = 'Alumno11'),'2022-06-05 15:25:13',20,sec_to_time(113),1),
((select id_usuario from usuario where nombre_usuario='Alumno12'),(select id_reto from reto inner join persona on nivel = curso inner join usuario using (id_usuario) where nombre_reto = 'RestoDiv' and nombre_usuario = 'Alumno12'),'2023-06-28 21:46:26',23,sec_to_time(82),2),
((select id_usuario from usuario where nombre_usuario='Cbarrios'),(select id_reto from reto inner join persona on nivel = curso inner join usuario using (id_usuario) where nombre_reto = 'RestoDiv' and nombre_usuario = 'Cbarrios'),'2023-10-07 12:37:29',19,sec_to_time(43),1),
((select id_usuario from usuario where nombre_usuario='Despinosa'),(select id_reto from reto inner join persona on nivel = curso inner join usuario using (id_usuario) where nombre_reto = 'RestoDiv' and nombre_usuario = 'Despinosa'),'2023-05-11 10:01:39',6,sec_to_time(19),2),
((select id_usuario from usuario where nombre_usuario='Rgutierrez'),(select id_reto from reto inner join persona on nivel = curso inner join usuario using (id_usuario) where nombre_reto = 'RestoDiv' and nombre_usuario = 'Rgutierrez'),'2023-09-24 15:12:27',5,sec_to_time(110),1),
((select id_usuario from usuario where nombre_usuario='Adiez'),(select id_reto from reto inner join persona on nivel = curso inner join usuario using (id_usuario) where nombre_reto = 'RestoDiv' and nombre_usuario = 'Adiez'),'2022-03-08 19:52:20',21,sec_to_time(58),2),
((select id_usuario from usuario where nombre_usuario='Alumno1'),(select id_reto from reto inner join persona on nivel = curso inner join usuario using (id_usuario) where nombre_reto = 'RestoDiv' and nombre_usuario = 'Alumno1'),'2022-01-04 09:40:44',20,sec_to_time(124),1),
((select id_usuario from usuario where nombre_usuario='Alumno2'),(select id_reto from reto inner join persona on nivel = curso inner join usuario using (id_usuario) where nombre_reto = 'RestoDiv' and nombre_usuario = 'Alumno2'),'2023-05-12 17:38:36',24,sec_to_time(68),2),
((select id_usuario from usuario where nombre_usuario='Alumno3'),(select id_reto from reto inner join persona on nivel = curso inner join usuario using (id_usuario) where nombre_reto = 'RestoDiv' and nombre_usuario = 'Alumno3'),'2023-05-22 13:18:43',7,sec_to_time(109),1),
((select id_usuario from usuario where nombre_usuario='Alumno4'),(select id_reto from reto inner join persona on nivel = curso inner join usuario using (id_usuario) where nombre_reto = 'RestoDiv' and nombre_usuario = 'Alumno4'),'2023-06-24 20:27:30',20,sec_to_time(103),2),
((select id_usuario from usuario where nombre_usuario='Alumno5'),(select id_reto from reto inner join persona on nivel = curso inner join usuario using (id_usuario) where nombre_reto = 'RestoDiv' and nombre_usuario = 'Alumno5'),'2022-01-15 19:49:01',23,sec_to_time(20),1),
((select id_usuario from usuario where nombre_usuario='Alumno6'),(select id_reto from reto inner join persona on nivel = curso inner join usuario using (id_usuario) where nombre_reto = 'RestoDiv' and nombre_usuario = 'Alumno6'),'2023-08-20 18:01:49',1,sec_to_time(123),2),
((select id_usuario from usuario where nombre_usuario='Alumno7'),(select id_reto from reto inner join persona on nivel = curso inner join usuario using (id_usuario) where nombre_reto = 'RestoDiv' and nombre_usuario = 'Alumno7'),'2023-09-25 13:16:14',19,sec_to_time(5),2),
((select id_usuario from usuario where nombre_usuario='Alumno8'),(select id_reto from reto inner join persona on nivel = curso inner join usuario using (id_usuario) where nombre_reto = 'RestoDiv' and nombre_usuario = 'Alumno8'),'2022-11-22 21:46:44',18,sec_to_time(168),2),
((select id_usuario from usuario where nombre_usuario='Alumno9'),(select id_reto from reto inner join persona on nivel = curso inner join usuario using (id_usuario) where nombre_reto = 'RestoDiv' and nombre_usuario = 'Alumno9'),'2023-07-06 12:55:06',20,sec_to_time(170),2),
((select id_usuario from usuario where nombre_usuario='Alumno10'),(select id_reto from reto inner join persona on nivel = curso inner join usuario using (id_usuario) where nombre_reto = 'RestoDiv' and nombre_usuario = 'Alumno10'),'2022-02-25 14:30:56',10,sec_to_time(7),2),
((select id_usuario from usuario where nombre_usuario='Alumno11'),(select id_reto from reto inner join persona on nivel = curso inner join usuario using (id_usuario) where nombre_reto = 'RestoDiv' and nombre_usuario = 'Alumno11'),'2023-03-24 10:40:43',14,sec_to_time(42),1),
((select id_usuario from usuario where nombre_usuario='Alumno12'),(select id_reto from reto inner join persona on nivel = curso inner join usuario using (id_usuario) where nombre_reto = 'RestoDiv' and nombre_usuario = 'Alumno12'),'2022-05-12 09:03:24',19,sec_to_time(180),1),
((select id_usuario from usuario where nombre_usuario='Cbarrios'),(select id_reto from reto inner join persona on nivel = curso inner join usuario using (id_usuario) where nombre_reto = 'RestoDiv' and nombre_usuario = 'Cbarrios'),'2023-07-01 09:25:21',13,sec_to_time(48),2),
((select id_usuario from usuario where nombre_usuario='Despinosa'),(select id_reto from reto inner join persona on nivel = curso inner join usuario using (id_usuario) where nombre_reto = 'RestoDiv' and nombre_usuario = 'Despinosa'),'2023-03-27 15:36:09',1,sec_to_time(50),1),
((select id_usuario from usuario where nombre_usuario='Rgutierrez'),(select id_reto from reto inner join persona on nivel = curso inner join usuario using (id_usuario) where nombre_reto = 'RestoDiv' and nombre_usuario = 'Rgutierrez'),'2023-12-19 15:53:09',12,sec_to_time(97),2),
((select id_usuario from usuario where nombre_usuario='Adiez'),(select id_reto from reto inner join persona on nivel = curso inner join usuario using (id_usuario) where nombre_reto = 'RestoDiv' and nombre_usuario = 'Adiez'),'2022-03-27 08:18:08',17,sec_to_time(141),1),
((select id_usuario from usuario where nombre_usuario='Alumno1'),(select id_reto from reto inner join persona on nivel = curso inner join usuario using (id_usuario) where nombre_reto = 'RestoDiv' and nombre_usuario = 'Alumno1'),'2023-04-04 20:42:44',13,sec_to_time(161),2),
((select id_usuario from usuario where nombre_usuario='Alumno2'),(select id_reto from reto inner join persona on nivel = curso inner join usuario using (id_usuario) where nombre_reto = 'RestoDiv' and nombre_usuario = 'Alumno2'),'2022-11-17 11:44:27',10,sec_to_time(86),1),
((select id_usuario from usuario where nombre_usuario='Alumno3'),(select id_reto from reto inner join persona on nivel = curso inner join usuario using (id_usuario) where nombre_reto = 'RestoDiv' and nombre_usuario = 'Alumno3'),'2022-02-12 20:13:33',4,sec_to_time(75),1),
((select id_usuario from usuario where nombre_usuario='Alumno4'),(select id_reto from reto inner join persona on nivel = curso inner join usuario using (id_usuario) where nombre_reto = 'RestoDiv' and nombre_usuario = 'Alumno4'),'2023-02-17 21:23:52',18,sec_to_time(147),1),
((select id_usuario from usuario where nombre_usuario='Alumno5'),(select id_reto from reto inner join persona on nivel = curso inner join usuario using (id_usuario) where nombre_reto = 'RestoDiv' and nombre_usuario = 'Alumno5'),'2023-03-20 12:56:18',21,sec_to_time(20),2),
((select id_usuario from usuario where nombre_usuario='Alumno6'),(select id_reto from reto inner join persona on nivel = curso inner join usuario using (id_usuario) where nombre_reto = 'RestoDiv' and nombre_usuario = 'Alumno6'),'2023-04-06 12:23:16',21,sec_to_time(56),2),
((select id_usuario from usuario where nombre_usuario='Alumno7'),(select id_reto from reto inner join persona on nivel = curso inner join usuario using (id_usuario) where nombre_reto = 'RestoDiv' and nombre_usuario = 'Alumno7'),'2022-05-19 13:37:15',24,sec_to_time(151),2),
((select id_usuario from usuario where nombre_usuario='Alumno8'),(select id_reto from reto inner join persona on nivel = curso inner join usuario using (id_usuario) where nombre_reto = 'RestoDiv' and nombre_usuario = 'Alumno8'),'2022-11-08 17:02:05',21,sec_to_time(59),1),
((select id_usuario from usuario where nombre_usuario='Alumno9'),(select id_reto from reto inner join persona on nivel = curso inner join usuario using (id_usuario) where nombre_reto = 'RestoDiv' and nombre_usuario = 'Alumno9'),'2022-06-05 17:21:25',15,sec_to_time(176),1),
((select id_usuario from usuario where nombre_usuario='Alumno10'),(select id_reto from reto inner join persona on nivel = curso inner join usuario using (id_usuario) where nombre_reto = 'RestoDiv' and nombre_usuario = 'Alumno10'),'2022-02-19 13:37:00',6,sec_to_time(173),2),
((select id_usuario from usuario where nombre_usuario='Alumno11'),(select id_reto from reto inner join persona on nivel = curso inner join usuario using (id_usuario) where nombre_reto = 'RestoDiv' and nombre_usuario = 'Alumno11'),'2023-10-16 12:32:59',14,sec_to_time(52),2),
((select id_usuario from usuario where nombre_usuario='Alumno12'),(select id_reto from reto inner join persona on nivel = curso inner join usuario using (id_usuario) where nombre_reto = 'RestoDiv' and nombre_usuario = 'Alumno12'),'2023-08-18 20:28:09',25,sec_to_time(66),1),
((select id_usuario from usuario where nombre_usuario='Cbarrios'),(select id_reto from reto inner join persona on nivel = curso inner join usuario using (id_usuario) where nombre_reto = 'RestoDiv' and nombre_usuario = 'Cbarrios'),'2022-07-01 17:02:59',15,sec_to_time(83),1),
((select id_usuario from usuario where nombre_usuario='Despinosa'),(select id_reto from reto inner join persona on nivel = curso inner join usuario using (id_usuario) where nombre_reto = 'RestoDiv' and nombre_usuario = 'Despinosa'),'2023-05-28 17:56:25',18,sec_to_time(14),2),
((select id_usuario from usuario where nombre_usuario='Rgutierrez'),(select id_reto from reto inner join persona on nivel = curso inner join usuario using (id_usuario) where nombre_reto = 'RestoDiv' and nombre_usuario = 'Rgutierrez'),'2022-09-23 21:01:43',23,sec_to_time(177),1),
((select id_usuario from usuario where nombre_usuario='Adiez'),(select id_reto from reto inner join persona on nivel = curso inner join usuario using (id_usuario) where nombre_reto = 'RestoDiv' and nombre_usuario = 'Adiez'),'2023-11-17 10:55:15',8,sec_to_time(34),2),
((select id_usuario from usuario where nombre_usuario='Alumno1'),(select id_reto from reto inner join persona on nivel = curso inner join usuario using (id_usuario) where nombre_reto = 'RestoDiv' and nombre_usuario = 'Alumno1'),'2023-09-26 19:13:35',9,sec_to_time(93),1),
((select id_usuario from usuario where nombre_usuario='Alumno2'),(select id_reto from reto inner join persona on nivel = curso inner join usuario using (id_usuario) where nombre_reto = 'RestoDiv' and nombre_usuario = 'Alumno2'),'2023-05-07 20:26:04',10,sec_to_time(128),1),
((select id_usuario from usuario where nombre_usuario='Alumno3'),(select id_reto from reto inner join persona on nivel = curso inner join usuario using (id_usuario) where nombre_reto = 'RestoDiv' and nombre_usuario = 'Alumno3'),'2023-05-08 09:09:31',25,sec_to_time(44),2),
((select id_usuario from usuario where nombre_usuario='Alumno4'),(select id_reto from reto inner join persona on nivel = curso inner join usuario using (id_usuario) where nombre_reto = 'RestoDiv' and nombre_usuario = 'Alumno4'),'2022-11-25 08:13:47',1,sec_to_time(71),1),
((select id_usuario from usuario where nombre_usuario='Alumno5'),(select id_reto from reto inner join persona on nivel = curso inner join usuario using (id_usuario) where nombre_reto = 'RestoDiv' and nombre_usuario = 'Alumno5'),'2022-08-06 14:41:32',19,sec_to_time(121),1),
((select id_usuario from usuario where nombre_usuario='Alumno6'),(select id_reto from reto inner join persona on nivel = curso inner join usuario using (id_usuario) where nombre_reto = 'RestoDiv' and nombre_usuario = 'Alumno6'),'2022-02-04 08:36:50',21,sec_to_time(108),1),
((select id_usuario from usuario where nombre_usuario='Alumno7'),(select id_reto from reto inner join persona on nivel = curso inner join usuario using (id_usuario) where nombre_reto = 'RestoDiv' and nombre_usuario = 'Alumno7'),'2023-04-24 13:54:55',25,sec_to_time(187),2),
((select id_usuario from usuario where nombre_usuario='Alumno8'),(select id_reto from reto inner join persona on nivel = curso inner join usuario using (id_usuario) where nombre_reto = 'RestoDiv' and nombre_usuario = 'Alumno8'),'2022-06-04 20:11:00',17,sec_to_time(192),1),
((select id_usuario from usuario where nombre_usuario='Alumno9'),(select id_reto from reto inner join persona on nivel = curso inner join usuario using (id_usuario) where nombre_reto = 'RestoDiv' and nombre_usuario = 'Alumno9'),'2023-11-28 10:53:31',13,sec_to_time(40),1),
((select id_usuario from usuario where nombre_usuario='Alumno10'),(select id_reto from reto inner join persona on nivel = curso inner join usuario using (id_usuario) where nombre_reto = 'RestoDiv' and nombre_usuario = 'Alumno10'),'2023-08-21 12:10:34',4,sec_to_time(15),1),
((select id_usuario from usuario where nombre_usuario='Alumno11'),(select id_reto from reto inner join persona on nivel = curso inner join usuario using (id_usuario) where nombre_reto = 'RestoDiv' and nombre_usuario = 'Alumno11'),'2023-11-10 21:18:22',23,sec_to_time(175),2),
((select id_usuario from usuario where nombre_usuario='Alumno12'),(select id_reto from reto inner join persona on nivel = curso inner join usuario using (id_usuario) where nombre_reto = 'RestoDiv' and nombre_usuario = 'Alumno12'),'2022-05-09 18:19:33',23,sec_to_time(113),2);

